240,245,250,255,260,265,270,275,280,285,290,295,300,305,310,315,320,325,330,335,340,345,350,355,360,365,370,375,380,385,390,395,400
238.19,243.2,248.22,253.26,258.32,263.4,268.49,273.6,278.71,283.82,288.92,294,299.08,304.14,309.18,314.22,319.24,324.26,329.27,334.27,339.26,344.26,349.24,354.23,359.21,364.19,369.17,374.14,379.11,384.08,389.05,394.01,398.98
236.39,241.39,246.43,251.5,256.62,261.77,266.96,272.18,277.4,282.62,287.82,293,298.15,303.27,308.36,313.43,318.48,323.52,328.53,333.54,338.53,343.52,348.49,353.46,358.43,363.38,368.34,373.28,378.23,383.17,388.1,393.03,397.96
234.59,239.59,244.64,249.74,254.9,260.13,265.42,270.74,276.08,281.41,286.72,291.99,297.22,302.4,307.55,312.65,317.73,322.78,327.8,332.81,337.8,342.78,347.75,352.7,357.64,362.58,367.51,372.43,377.35,382.26,387.16,392.06,396.95
232.8,237.79,242.84,247.97,253.18,258.47,263.85,269.28,274.74,280.19,285.61,290.98,296.29,301.54,306.73,311.88,316.98,322.04,327.08,332.09,337.08,342.05,347,351.94,356.87,361.79,366.69,371.59,376.47,381.35,386.22,391.09,395.94
231.01,235.99,241.05,246.19,251.44,256.8,262.26,267.8,273.38,278.95,284.49,289.96,295.35,300.67,305.92,311.1,316.23,321.31,326.36,331.37,336.35,341.32,346.26,351.19,356.09,360.99,365.88,370.75,375.61,380.45,385.29,390.12,394.94
229.24,234.2,239.25,244.41,249.69,255.11,260.66,266.3,272.01,277.7,283.35,288.93,294.41,299.8,305.1,310.32,315.48,320.58,325.64,330.65,335.64,340.59,345.52,350.43,355.33,360.2,365.06,369.91,374.74,379.56,384.37,389.17,393.95
227.47,232.41,237.46,242.62,247.93,253.41,259.03,264.79,270.61,276.43,282.21,287.89,293.47,298.93,304.28,309.55,314.73,319.85,324.92,329.94,334.92,339.87,344.79,349.69,354.56,359.42,364.26,369.08,373.88,378.67,383.45,388.21,392.97
225.71,230.63,235.67,240.84,246.17,251.69,257.39,263.25,269.2,275.15,281.05,286.85,292.52,298.06,303.47,308.77,313.99,319.13,324.2,329.23,334.21,339.15,344.06,348.94,353.8,358.64,363.45,368.25,373.03,377.79,382.53,387.27,391.99
223.95,228.86,233.88,239.05,244.4,249.96,255.73,261.69,267.76,273.85,279.89,285.8,291.57,297.18,302.65,308,313.25,318.4,323.49,328.52,333.5,338.43,343.33,348.2,353.04,357.86,362.65,367.42,372.18,376.91,381.63,386.33,391.01
222.21,227.1,232.1,237.26,242.63,248.22,254.06,260.11,266.31,272.53,278.7,284.74,290.61,296.3,301.84,307.23,312.51,317.68,322.78,327.81,332.79,337.72,342.61,347.46,352.29,357.09,361.86,366.61,371.33,376.04,380.72,385.39,390.04
220.48,225.34,230.33,235.48,240.85,246.48,252.37,258.52,264.84,271.2,277.51,283.67,289.65,295.43,301.02,306.46,311.77,316.97,322.07,327.11,332.09,337.01,341.89,346.73,351.54,356.32,361.07,365.79,370.49,375.17,379.82,384.46,389.08
218.76,223.59,228.56,233.7,239.07,244.72,250.67,256.9,263.34,269.84,276.3,282.6,288.68,294.54,300.21,305.69,311.03,316.25,321.37,326.41,331.39,336.3,341.17,346,350.79,355.55,360.28,364.98,369.65,374.3,378.93,383.54,388.12
217.05,221.85,226.8,231.92,237.3,242.96,248.96,255.27,261.83,268.47,275.08,281.51,287.71,293.66,299.39,304.92,310.29,315.54,320.67,325.71,330.69,335.6,340.46,345.27,350.05,354.79,359.5,364.17,368.82,373.44,378.04,382.62,387.17
215.35,220.13,225.04,230.15,235.52,241.2,247.23,253.62,260.29,267.08,273.84,280.41,286.73,292.77,298.57,304.16,309.56,314.82,319.97,325.02,329.99,334.9,339.75,344.55,349.31,354.03,358.72,363.37,367.99,372.59,377.16,381.71,386.23
215,218.41,223.3,228.39,233.74,239.43,245.5,251.96,258.74,265.67,272.58,279.3,285.74,291.89,297.75,303.39,308.83,314.11,319.27,324.33,329.3,334.2,339.04,343.83,348.57,353.28,357.94,362.57,367.17,371.74,376.28,380.8,385.29
215,216.71,221.57,226.63,231.97,237.66,243.76,250.28,257.17,264.24,271.31,278.18,284.75,290.99,296.94,302.62,308.1,313.41,318.58,323.64,328.61,333.51,338.34,343.11,347.84,352.53,357.17,361.78,366.35,370.89,375.41,379.89,384.36
215,215.01,219.84,224.88,230.21,235.89,242.01,248.58,255.57,262.78,270.02,277.05,283.75,290.1,296.12,301.86,307.37,312.7,317.89,322.96,327.93,332.82,337.64,342.4,347.11,351.78,356.41,360.99,365.54,370.05,374.54,379,383.43
215,215,218.13,223.14,228.45,234.12,240.25,246.88,253.96,261.31,268.71,275.91,282.75,289.2,295.3,301.09,306.64,312,317.2,322.27,327.24,332.13,336.94,341.69,346.38,351.04,355.64,360.2,364.73,369.22,373.68,378.1,382.5
215,215,216.43,221.41,226.69,232.36,238.5,245.16,252.33,259.82,267.39,274.75,281.73,288.3,294.47,300.33,305.92,311.3,316.51,321.59,326.56,331.44,336.25,340.99,345.66,350.3,354.88,359.42,363.92,368.39,372.82,377.22,381.59
215,215,215,219.69,224.95,230.6,236.74,243.44,250.69,258.3,266.04,273.57,280.71,287.39,293.65,299.56,305.19,310.6,315.83,320.92,325.89,330.76,335.56,340.28,344.94,349.57,354.13,358.64,363.12,367.56,371.96,376.33,380.68
215,215,215,217.98,223.21,228.84,234.98,241.71,249.03,256.77,264.68,272.39,279.68,286.48,292.83,298.8,304.47,309.9,315.15,320.24,325.21,330.08,334.87,339.58,344.23,348.83,353.38,357.87,362.32,366.74,371.11,375.46,379.77
215,215,215,216.28,221.48,227.09,233.22,239.97,247.35,255.21,263.29,271.18,278.63,285.56,292,298.04,303.75,309.21,314.47,319.57,324.54,329.41,334.19,338.89,343.52,348.11,352.63,357.1,361.53,365.92,370.27,374.58,378.87
215,215,215,215,219.76,225.35,231.46,238.22,245.66,253.64,261.89,269.97,277.58,284.64,291.17,297.27,303.03,308.52,313.79,318.9,323.87,328.74,333.5,338.19,342.81,347.38,351.88,356.34,360.74,365.11,369.43,373.72,377.97
215,215,215,215,218.05,223.61,229.71,236.48,243.96,252.05,260.46,268.73,276.52,283.71,290.34,296.51,302.31,307.83,313.12,318.23,323.21,328.07,332.83,337.5,342.1,346.66,351.14,355.57,359.96,364.3,368.59,372.85,377.08
215,215,215,215,216.35,221.88,227.96,234.73,242.26,250.44,259.01,267.48,275.45,282.78,289.51,295.75,301.59,307.14,312.44,317.57,322.54,327.4,332.15,336.82,341.4,345.94,350.41,354.82,359.18,363.49,367.76,372,376.19
215,215,215,215,215,220.16,226.22,232.98,240.54,248.81,257.54,266.21,274.36,281.84,288.68,294.98,300.88,306.45,311.77,316.91,321.88,326.73,331.48,336.13,340.7,345.23,349.67,354.06,358.4,362.69,366.94,371.14,375.31
215,215,215,215,215,218.45,224.48,231.23,238.81,247.16,256.05,264.92,273.27,280.9,287.84,294.22,300.16,305.76,311.11,316.25,321.23,326.07,330.81,335.45,340.01,344.52,348.94,353.31,357.63,361.89,366.11,370.29,374.44
215,215,215,215,215,216.75,222.76,229.49,237.08,245.5,254.54,263.61,272.16,279.94,287,293.46,299.45,305.08,310.44,315.59,320.57,325.41,330.14,334.77,339.32,343.81,348.22,352.56,356.86,361.1,365.3,369.45,373.56
215,215,215,215,215,215.06,221.03,227.75,235.35,243.83,253.01,262.28,271.03,278.99,286.16,292.69,298.73,304.4,309.78,314.94,319.92,324.76,329.48,334.1,338.63,343.1,347.49,351.82,356.09,360.31,364.48,368.61,372.7
215,215,215,215,215,215,219.32,226.01,233.61,242.15,251.46,260.93,269.9,278.02,285.31,291.93,298.02,303.72,309.12,314.28,319.27,324.11,328.82,333.43,337.94,342.4,346.77,351.08,355.33,359.53,363.67,367.78,371.84
215,215,215,215,215,215,217.62,224.28,231.88,240.45,249.89,259.56,268.74,277.05,284.47,291.16,297.31,303.04,308.46,313.63,318.62,323.46,328.16,332.76,337.26,341.7,346.06,350.35,354.57,358.75,362.87,366.95,370.98
215,215,215,215,215,215,215.93,222.56,230.14,238.75,248.3,258.17,267.58,276.06,283.61,290.4,296.6,302.36,307.8,312.99,317.98,322.81,327.51,332.09,336.58,341.01,345.35,349.61,353.82,357.97,362.07,366.12,370.13
215,215,215,215,215,215,215,220.84,228.41,237.04,246.69,256.76,266.39,275.07,282.76,289.63,295.89,301.69,307.15,312.34,317.33,322.16,326.85,331.43,335.91,340.32,344.64,348.89,353.07,357.2,361.27,365.3,369.28
215,215,215,215,215,215,215,219.13,226.68,235.32,245.06,255.32,265.19,274.07,281.9,288.86,295.18,301.02,306.49,311.7,316.7,321.52,326.21,330.77,335.23,339.63,343.93,348.16,352.32,356.43,360.48,364.48,368.44
215,215,215,215,215,215,215,217.43,224.95,233.6,243.42,253.87,263.97,273.06,281.03,288.09,294.47,300.34,305.84,311.06,316.06,320.88,325.56,330.12,334.56,338.95,343.23,347.44,351.58,355.66,359.69,363.67,367.6
215,215,215,215,215,215,215,215.74,223.23,231.88,241.77,252.39,262.74,272.04,280.17,287.32,293.76,299.67,305.19,310.42,315.42,320.24,324.92,329.46,333.9,338.26,342.53,346.72,350.84,354.9,358.91,362.86,366.77
215,215,215,215,215,215,215,215,221.51,230.15,240.1,250.89,261.48,271.01,279.29,286.55,293.05,299,304.55,309.79,314.79,319.61,324.28,328.81,333.23,337.59,341.83,346.01,350.11,354.15,358.13,362.06,365.94
215,215,215,215,215,215,215,215,219.81,228.43,238.43,249.37,260.21,269.96,278.41,285.78,292.35,298.34,303.9,309.15,314.16,318.98,323.64,328.16,332.57,336.91,341.14,345.29,349.38,353.39,357.35,361.26,365.11
215,215,215,215,215,215,215,215,218.11,226.71,236.74,247.83,258.91,268.91,277.53,285.01,291.64,297.67,303.26,308.52,313.54,318.35,323,327.52,331.92,336.24,340.45,344.59,348.65,352.65,356.58,360.46,364.29
215,215,215,215,215,215,215,215,216.42,224.99,235.05,246.27,257.6,267.84,276.64,284.23,290.93,297.01,302.62,307.89,312.91,317.72,322.37,326.88,331.26,335.57,339.77,343.88,347.92,351.9,355.81,359.67,363.48
215,215,215,215,215,215,215,215,215,223.28,233.35,244.69,256.26,266.76,275.75,283.45,290.23,296.34,301.98,307.27,312.29,317.1,321.74,326.24,330.61,334.9,339.08,343.18,347.2,351.16,355.05,358.88,362.67
215,215,215,215,215,215,215,215,215,221.57,231.64,243.1,254.9,265.66,274.84,282.67,289.52,295.68,301.34,306.64,311.67,316.48,321.11,325.6,329.96,334.24,338.41,342.48,346.49,350.42,354.29,358.1,361.86
215,215,215,215,215,215,215,215,215,219.86,229.93,241.48,253.52,264.55,273.93,281.89,288.82,295.02,300.71,306.02,311.05,315.86,320.49,324.97,329.31,333.58,337.73,341.79,345.77,349.69,353.53,357.32,361.06
215,215,215,215,215,215,215,215,215,218.17,228.22,239.85,252.12,263.43,273.02,281.11,288.11,294.36,300.07,305.4,310.44,315.24,319.87,324.33,328.67,332.92,337.06,341.1,345.06,348.95,352.78,356.55,360.26
215,215,215,215,215,215,215,215,215,216.48,226.51,238.21,250.69,262.28,272.1,280.32,287.4,293.7,299.44,304.78,309.82,314.63,319.25,323.71,328.03,332.27,336.39,340.41,344.36,348.23,352.03,355.78,359.46
215,215,215,215,215,215,215,215,215,215,224.81,236.56,249.25,261.12,271.16,279.53,286.7,293.04,298.81,304.17,309.21,314.02,318.63,323.08,327.39,331.62,335.72,339.73,343.65,347.5,351.29,355.01,358.67
215,215,215,215,215,215,215,215,215,215,223.1,234.89,247.78,259.95,270.22,278.74,285.99,292.39,298.18,303.55,308.61,313.41,318.02,322.46,326.76,330.97,335.05,339.05,342.95,346.78,350.55,354.25,357.89
215,215,215,215,215,215,215,215,215,215,221.4,233.22,246.28,258.75,269.27,277.94,285.28,291.73,297.56,302.94,308,312.8,317.4,321.84,326.13,330.32,334.39,338.37,342.26,346.07,349.81,353.49,357.11
215,215,215,215,215,215,215,215,215,215,219.71,231.54,244.77,257.54,268.32,277.14,284.58,291.08,296.93,302.33,307.4,312.2,316.8,321.22,325.5,329.68,333.74,337.69,341.56,345.35,349.07,352.73,356.33
215,215,215,215,215,215,215,215,215,215,218.02,229.85,243.24,256.3,267.35,276.34,283.87,290.42,296.31,301.73,306.79,311.6,316.19,320.6,324.87,329.04,333.08,337.02,340.87,344.64,348.34,351.98,355.55
215,215,215,215,215,215,215,215,215,215,216.34,228.16,241.69,255.05,266.37,275.53,283.16,289.77,295.69,301.12,306.2,311,315.58,319.99,324.25,328.41,332.43,336.35,340.18,343.94,347.62,351.23,354.78
215,215,215,215,215,215,215,215,215,215,215,226.47,240.11,253.77,265.38,274.72,282.45,289.12,295.07,300.52,305.6,310.4,314.98,319.38,323.62,327.77,331.78,335.69,339.5,343.23,346.89,350.49,354.02
215,215,215,215,215,215,215,215,215,215,215,224.78,238.53,252.47,264.37,273.91,281.74,288.47,294.45,299.92,305,309.81,314.38,318.77,323.01,327.14,331.13,335.02,338.82,342.54,346.18,349.75,353.26
215,215,215,215,215,215,215,215,215,215,215,223.09,236.92,251.15,263.36,273.09,281.03,287.82,293.83,299.32,304.41,309.21,313.79,318.17,322.39,326.51,330.49,334.36,338.14,341.84,345.46,349.01,352.5
215,215,215,215,215,215,215,215,215,215,215,221.4,235.3,249.81,262.33,272.26,280.32,287.17,293.22,298.72,303.82,308.62,313.19,317.57,321.78,325.89,329.85,333.71,337.47,341.15,344.75,348.28,351.74
215,215,215,215,215,215,215,215,215,215,215,219.71,233.67,248.45,261.29,271.44,279.61,286.52,292.6,298.12,303.23,308.04,312.6,316.97,321.17,325.26,329.21,333.05,336.8,340.46,344.04,347.55,350.99
215,215,215,215,215,215,215,215,215,215,215,218.03,232.03,247.06,260.24,270.6,278.9,285.87,291.99,297.53,302.65,307.45,312.01,316.37,320.56,324.64,328.58,332.4,336.13,339.77,343.33,346.82,350.25
215,215,215,215,215,215,215,215,215,215,215,216.36,230.38,245.65,259.17,269.76,278.18,285.22,291.38,296.94,302.06,306.87,311.42,315.78,319.95,324.03,327.95,331.75,335.46,339.09,342.63,346.1,349.5
215,215,215,215,215,215,215,215,215,215,215,215,228.72,244.21,258.08,268.91,277.46,284.58,290.77,296.35,301.48,306.29,310.84,315.18,319.35,323.41,327.32,331.11,334.8,338.41,341.93,345.38,348.76
215,215,215,215,215,215,215,215,215,215,215,215,227.05,242.75,256.98,268.06,276.75,283.93,290.16,295.76,300.9,305.71,310.26,314.59,318.75,322.8,326.69,330.47,334.14,337.73,341.23,344.67,348.03
215,215,215,215,215,215,215,215,215,215,215,215,225.38,241.27,255.86,267.2,276.03,283.29,289.56,295.17,300.32,305.13,309.68,314.01,318.15,322.19,326.07,329.83,333.49,337.06,340.54,343.95,347.3
215,215,215,215,215,215,215,215,215,215,215,215,223.71,239.77,254.72,266.33,275.31,282.64,288.95,294.59,299.75,304.56,309.1,313.42,317.56,321.58,325.45,329.19,332.84,336.39,339.85,343.25,346.57
215,215,215,215,215,215,215,215,215,215,215,215,222.04,238.25,253.56,265.46,274.58,281.99,288.35,294,299.17,303.99,308.52,312.84,316.96,320.98,324.83,328.56,332.19,335.72,339.17,342.54,345.84
215,215,215,215,215,215,215,215,215,215,215,215,220.37,236.71,252.38,264.58,273.86,281.35,287.74,293.42,298.6,303.42,307.95,312.26,316.37,320.38,324.21,327.93,331.54,335.05,338.49,341.84,345.12
215,215,215,215,215,215,215,215,215,215,215,215,218.7,235.15,251.18,263.69,273.13,280.7,287.14,292.84,298.03,302.85,307.38,311.68,315.79,319.78,323.6,327.3,330.89,334.39,337.81,341.14,344.41
215,215,215,215,215,215,215,215,215,215,215,215,217.03,233.57,249.96,262.78,272.4,280.06,286.54,292.26,297.46,302.28,306.81,311.1,315.2,319.18,322.99,326.68,330.25,333.74,337.13,340.45,343.69
215,215,215,215,215,215,215,215,215,215,215,215,215.37,231.98,248.72,261.88,271.66,279.41,285.94,291.69,296.9,301.72,306.24,310.53,314.62,318.59,322.38,326.05,329.62,333.08,336.46,339.75,342.98
215,215,215,215,215,215,215,215,215,215,215,215,215,230.38,247.46,260.96,270.93,278.77,285.34,291.11,296.33,301.16,305.68,309.96,314.04,317.99,321.78,325.43,328.98,332.43,335.79,339.07,342.27
215,215,215,215,215,215,215,215,215,215,215,215,215,228.76,246.18,260.03,270.19,278.13,284.75,290.54,295.77,300.6,305.12,309.39,313.46,317.41,321.17,324.82,328.35,331.78,335.12,338.38,341.57
215,215,215,215,215,215,215,215,215,215,215,215,215,227.13,244.87,259.08,269.45,277.48,284.15,289.97,295.21,300.04,304.56,308.82,312.88,316.82,320.57,324.2,327.72,331.13,334.46,337.7,340.87
215,215,215,215,215,215,215,215,215,215,215,215,215,225.5,243.53,258.13,268.7,276.84,283.56,289.4,294.65,299.48,304,308.26,312.31,316.23,319.98,323.59,327.09,330.49,333.8,337.02,340.17
215,215,215,215,215,215,215,215,215,215,215,215,215,223.86,242.18,257.16,267.95,276.19,282.96,288.83,294.1,298.93,303.44,307.7,311.74,315.65,319.38,322.98,326.47,329.85,333.14,336.35,339.48
215,215,215,215,215,215,215,215,215,215,215,215,215,222.21,240.79,256.19,267.2,275.54,282.37,288.26,293.54,298.38,302.89,307.14,311.17,315.07,318.79,322.38,325.84,329.21,332.48,335.67,338.79
215,215,215,215,215,215,215,215,215,215,215,215,215,220.56,239.39,255.19,266.44,274.9,281.78,287.7,292.99,297.83,302.34,306.58,310.6,314.5,318.2,321.77,325.23,328.58,331.83,335.01,338.1
215,215,215,215,215,215,215,215,215,215,215,215,215,218.91,237.96,254.19,265.68,274.25,281.19,287.14,292.44,297.28,301.79,306.02,310.04,313.92,317.61,321.17,324.61,327.94,331.18,334.34,337.42
215,215,215,215,215,215,215,215,215,215,215,215,215,217.26,236.51,253.16,264.92,273.6,280.6,286.57,291.89,296.74,301.24,305.47,309.48,313.35,317.03,320.57,324,327.31,330.54,333.68,336.74
215,215,215,215,215,215,215,215,215,215,215,215,215,215.61,235.03,252.12,264.15,272.96,280.01,286.01,291.34,296.19,300.7,304.92,308.92,312.78,316.45,319.98,323.39,326.69,329.9,333.02,336.06
215,215,215,215,215,215,215,215,215,215,215,215,215,215,233.54,251.07,263.37,272.31,279.42,285.45,290.8,295.65,300.15,304.37,308.36,312.21,315.87,319.38,322.78,326.07,329.26,332.36,335.39
215,215,215,215,215,215,215,215,215,215,215,215,215,215,232.02,250,262.59,271.66,278.83,284.9,290.25,295.11,299.61,303.83,307.81,311.65,315.29,318.79,322.17,325.44,328.62,331.71,334.72
215,215,215,215,215,215,215,215,215,215,215,215,215,215,230.49,248.91,261.8,271.01,278.24,284.34,289.71,294.58,299.07,303.28,307.25,311.08,314.71,318.2,321.57,324.83,327.98,331.06,334.05
215,215,215,215,215,215,215,215,215,215,215,215,215,215,228.94,247.79,261.01,270.36,277.66,283.79,289.17,294.04,298.54,302.74,306.7,310.52,314.14,317.62,320.97,324.21,327.35,330.41,333.38
215,215,215,215,215,215,215,215,215,215,215,215,215,215,227.37,246.66,260.21,269.7,277.07,283.23,288.63,293.51,298,302.2,306.15,309.96,313.57,317.03,320.37,323.6,326.72,329.76,332.72
215,215,215,215,215,215,215,215,215,215,215,215,215,215,225.79,245.51,259.4,269.05,276.49,282.68,288.09,292.97,297.47,301.66,305.61,309.41,313,316.45,319.78,322.99,326.1,329.12,332.06
215,215,215,215,215,215,215,215,215,215,215,215,215,215,224.2,244.34,258.59,268.4,275.9,282.13,287.56,292.44,296.94,301.12,305.06,308.85,312.44,315.88,319.18,322.38,325.48,328.48,331.41
215,215,215,215,215,215,215,215,215,215,215,215,215,215,222.59,243.14,257.77,267.74,275.32,281.58,287.02,291.92,296.41,300.59,304.52,308.3,311.87,315.3,318.59,321.78,324.86,327.85,330.75
215,215,215,215,215,215,215,215,215,215,215,215,215,215,220.98,241.92,256.94,267.08,274.74,281.03,286.49,291.39,295.88,300.06,303.98,307.75,311.31,314.73,318.01,321.17,324.24,327.21,330.11
215,215,215,215,215,215,215,215,215,215,215,215,215,215,219.37,240.68,256.1,266.42,274.16,280.49,285.96,290.86,295.35,299.53,303.44,307.21,310.76,314.15,317.42,320.57,323.62,326.58,329.46
215,215,215,215,215,215,215,215,215,215,215,215,215,215,217.75,239.41,255.25,265.76,273.57,279.94,285.43,290.34,294.83,299,302.91,306.66,310.2,313.59,316.84,319.98,323.01,325.95,328.81
215,215,215,215,215,215,215,215,215,215,215,215,215,215,216.12,238.12,254.4,265.1,272.99,279.4,284.91,289.82,294.31,298.47,302.37,306.12,309.64,313.02,316.26,319.38,322.4,325.33,328.17
215,215,215,215,215,215,215,215,215,215,215,215,215,215,215,236.8,253.53,264.43,272.41,278.85,284.38,289.3,293.79,297.95,301.84,305.58,309.09,312.45,315.68,318.79,321.8,324.71,327.54
215,215,215,215,215,215,215,215,215,215,215,215,215,215,215,235.46,252.65,263.76,271.83,278.31,283.86,288.78,293.27,297.43,301.31,305.04,308.54,311.89,315.11,318.2,321.19,324.09,326.9
215,215,215,215,215,215,215,215,215,215,215,215,215,215,215,234.09,251.77,263.09,271.25,277.77,283.33,288.27,292.76,296.91,300.78,304.5,308,311.33,314.53,317.62,320.59,323.47,326.27
215,215,215,215,215,215,215,215,215,215,215,215,215,215,215,232.7,250.87,262.42,270.67,277.23,282.81,287.75,292.24,296.39,300.26,303.97,307.45,310.78,313.96,317.03,319.99,322.86,325.64
215,215,215,215,215,215,215,215,215,215,215,215,215,215,215,231.28,249.95,261.74,270.09,276.69,282.29,287.24,291.73,295.87,299.74,303.43,306.91,310.22,313.4,316.45,319.4,322.25,325.01
215,215,215,215,215,215,215,215,215,215,215,215,215,215,215,229.84,249.03,261.07,269.51,276.16,281.78,286.73,291.22,295.36,299.21,302.9,306.37,309.67,312.83,315.87,318.8,321.64,324.39
215,215,215,215,215,215,215,215,215,215,215,215,215,215,215,228.38,248.09,260.38,268.93,275.62,281.26,286.22,290.71,294.84,298.7,302.38,305.83,309.12,312.27,315.29,318.21,321.03,323.77
215,215,215,215,215,215,215,215,215,215,215,215,215,215,215,226.9,247.13,259.7,268.35,275.09,280.75,285.72,290.21,294.33,298.18,301.85,305.29,308.57,311.71,314.72,317.62,320.43,323.15
215,215,215,215,215,215,215,215,215,215,215,215,215,215,215,225.4,246.16,259.01,267.77,274.55,280.23,285.21,289.7,293.83,297.66,301.33,304.76,308.02,311.15,314.15,317.04,319.83,322.54
215,215,215,215,215,215,215,215,215,215,215,215,215,215,215,223.88,245.18,258.32,267.19,274.02,279.72,284.71,289.2,293.32,297.15,300.8,304.22,307.48,310.59,313.58,316.45,319.23,321.92
215,215,215,215,215,215,215,215,215,215,215,215,215,215,215,222.34,244.17,257.62,266.61,273.49,279.21,284.2,288.7,292.81,296.64,300.28,303.69,306.94,310.04,313.01,315.87,318.64,321.31
215,215,215,215,215,215,215,215,215,215,215,215,215,215,215,220.79,243.15,256.92,266.02,272.96,278.7,283.7,288.2,292.31,296.13,299.77,303.17,306.4,309.48,312.44,315.29,318.04,320.71
215,215,215,215,215,215,215,215,215,215,215,215,215,215,215,219.22,242.11,256.22,265.44,272.43,278.19,283.2,287.7,291.81,295.62,299.25,302.64,305.86,308.93,311.88,314.72,317.45,320.1
215,215,215,215,215,215,215,215,215,215,215,215,215,215,215,217.65,241.05,255.51,264.86,271.9,277.69,282.71,287.2,291.31,295.11,298.74,302.12,305.32,308.39,311.32,314.14,316.86,319.5
215,215,215,215,215,215,215,215,215,215,215,215,215,215,215,216.07,239.97,254.8,264.28,271.37,277.18,282.21,286.71,290.81,294.61,298.22,301.59,304.79,307.84,310.76,313.57,316.28,318.9
215,215,215,215,215,215,215,215,215,215,215,215,215,215,215,215,238.87,254.08,263.7,270.84,276.68,281.72,286.22,290.32,294.11,297.71,301.07,304.26,307.3,310.21,313,315.7,318.3
215,215,215,215,215,215,215,215,215,215,215,215,215,215,215,215,237.74,253.35,263.12,270.32,276.18,281.23,285.72,289.82,293.61,297.21,300.56,303.73,306.76,309.65,312.44,315.12,317.71
215,215,215,215,215,215,215,215,215,215,215,215,215,215,215,215,236.59,252.62,262.53,269.79,275.68,280.73,285.24,289.33,293.11,296.7,300.04,303.2,306.22,309.1,311.87,314.54,317.12
215,215,215,215,215,215,215,215,215,215,215,215,215,215,215,215,235.42,251.89,261.95,269.27,275.18,280.25,284.75,288.84,292.61,296.19,299.53,302.68,305.68,308.55,311.31,313.96,316.53
215,215,215,215,215,215,215,215,215,215,215,215,215,215,215,215,234.22,251.14,261.36,268.74,274.68,279.76,284.26,288.35,292.12,295.69,299.01,302.16,305.15,308.01,310.75,313.39,315.94
215,215,215,215,215,215,215,215,215,215,215,215,215,215,215,215,233,250.39,260.78,268.22,274.18,279.27,283.78,287.86,291.62,295.19,298.5,301.64,304.62,307.46,310.19,312.82,315.36
215,215,215,215,215,215,215,215,215,215,215,215,215,215,215,215,231.75,249.64,260.19,267.7,273.69,278.79,283.3,287.38,291.13,294.69,297.99,301.12,304.09,306.92,309.64,312.25,314.77
215,215,215,215,215,215,215,215,215,215,215,215,215,215,215,215,230.47,248.87,259.6,267.18,273.19,278.3,282.81,286.9,290.64,294.2,297.49,300.6,303.56,306.38,309.08,311.69,314.2
215,215,215,215,215,215,215,215,215,215,215,215,215,215,215,215,229.17,248.1,259.02,266.65,272.7,277.82,282.34,286.41,290.16,293.7,296.98,300.09,303.03,305.84,308.53,311.12,313.62
215,215,215,215,215,215,215,215,215,215,215,215,215,215,215,215,227.84,247.32,258.43,266.13,272.21,277.34,281.86,285.93,289.67,293.21,296.48,299.57,302.51,305.31,307.99,310.56,313.04
215,215,215,215,215,215,215,215,215,215,215,215,215,215,215,215,226.49,246.53,257.84,265.61,271.72,276.86,281.38,285.46,289.19,292.72,295.98,299.06,301.99,304.77,307.44,310,312.47
215,215,215,215,215,215,215,215,215,215,215,215,215,215,215,215,225.11,245.73,257.24,265.1,271.23,276.39,280.91,284.98,288.7,292.23,295.48,298.55,301.47,304.24,306.9,309.45,311.9
215,215,215,215,215,215,215,215,215,215,215,215,215,215,215,215,223.7,244.91,256.65,264.58,270.74,275.91,280.43,284.5,288.22,291.74,294.99,298.05,300.95,303.71,306.35,308.89,311.34
215,215,215,215,215,215,215,215,215,215,215,215,215,215,215,215,222.27,244.09,256.05,264.06,270.25,275.43,279.96,284.03,287.75,291.25,294.49,297.54,300.43,303.18,305.81,308.34,310.77
215,215,215,215,215,215,215,215,215,215,215,215,215,215,215,215,220.82,243.26,255.46,263.54,269.77,274.96,279.49,283.56,287.27,290.77,294,297.04,299.92,302.66,305.28,307.79,310.21
215,215,215,215,215,215,215,215,215,215,215,215,215,215,215,215,219.35,242.42,254.86,263.02,269.28,274.49,279.03,283.09,286.79,290.29,293.51,296.54,299.41,302.14,304.74,307.24,309.65
215,215,215,215,215,215,215,215,215,215,215,215,215,215,215,215,217.87,241.56,254.26,262.51,268.8,274.02,278.56,282.62,286.32,289.81,293.02,296.04,298.9,301.61,304.21,306.7,309.09
215,215,215,215,215,215,215,215,215,215,215,215,215,215,215,215,216.36,240.69,253.65,261.99,268.32,273.55,278.09,282.15,285.85,289.33,292.53,295.54,298.39,301.09,303.68,306.15,308.54
215,215,215,215,215,215,215,215,215,215,215,215,215,215,215,215,215,239.8,253.05,261.48,267.84,273.08,277.63,281.69,285.38,288.85,292.05,295.05,297.88,300.58,303.15,305.61,307.98
215,215,215,215,215,215,215,215,215,215,215,215,215,215,215,215,215,238.9,252.44,260.96,267.36,272.62,277.17,281.22,284.91,288.38,291.56,294.55,297.38,300.06,302.62,305.07,307.43
215,215,215,215,215,215,215,215,215,215,215,215,215,215,215,215,215,237.99,251.83,260.45,266.88,272.15,276.71,280.76,284.44,287.9,291.08,294.06,296.88,299.55,302.1,304.54,306.88
215,215,215,215,215,215,215,215,215,215,215,215,215,215,215,215,215,237.05,251.22,259.93,266.4,271.69,276.25,280.3,283.98,287.43,290.6,293.57,296.38,299.04,301.58,304,306.34
215,215,215,215,215,215,215,215,215,215,215,215,215,215,215,215,215,236.1,250.6,259.42,265.92,271.23,275.79,279.84,283.51,286.96,290.12,293.08,295.88,298.53,301.06,303.47,305.79
215,215,215,215,215,215,215,215,215,215,215,215,215,215,215,215,215,235.13,249.99,258.9,265.45,270.77,275.34,279.39,283.05,286.49,289.64,292.6,295.38,298.02,300.54,302.94,305.25
215,215,215,215,215,215,215,215,215,215,215,215,215,215,215,215,215,234.14,249.36,258.39,264.97,270.31,274.88,278.93,282.59,286.03,289.17,292.11,294.89,297.52,300.02,302.41,304.71
215,215,215,215,215,215,215,215,215,215,215,215,215,215,215,215,215,233.13,248.74,257.87,264.5,269.85,274.43,278.48,282.13,285.56,288.7,291.63,294.4,297.01,299.51,301.89,304.17
215,215,215,215,215,215,215,215,215,215,215,215,215,215,215,215,215,232.1,248.11,257.36,264.03,269.39,273.98,278.02,281.68,285.1,288.22,291.15,293.9,296.51,298.99,301.36,303.64
215,215,215,215,215,215,215,215,215,215,215,215,215,215,215,215,215,231.05,247.48,256.85,263.56,268.94,273.53,277.57,281.22,284.64,287.75,290.67,293.42,296.01,298.48,300.84,303.1
215,215,215,215,215,215,215,215,215,215,215,215,215,215,215,215,215,229.97,246.84,256.33,263.09,268.49,273.08,277.12,280.77,284.18,287.29,290.19,292.93,295.52,297.98,300.32,302.57
215,215,215,215,215,215,215,215,215,215,215,215,215,215,215,215,215,228.86,246.2,255.82,262.62,268.03,272.63,276.67,280.31,283.72,286.82,289.72,292.44,295.02,297.47,299.81,302.04
215,215,215,215,215,215,215,215,215,215,215,215,215,215,215,215,215,227.74,245.56,255.3,262.15,267.58,272.18,276.23,279.86,283.26,286.36,289.24,291.96,294.53,296.96,299.29,301.52
215,215,215,215,215,215,215,215,215,215,215,215,215,215,215,215,215,226.58,244.91,254.79,261.68,267.13,271.74,275.78,279.41,282.81,285.89,288.77,291.48,294.04,296.46,298.78,300.99
215,215,215,215,215,215,215,215,215,215,215,215,215,215,215,215,215,225.4,244.25,254.28,261.21,266.68,271.3,275.34,278.97,282.35,285.43,288.3,291,293.55,295.96,298.26,300.47
215,215,215,215,215,215,215,215,215,215,215,215,215,215,215,215,215,224.19,243.6,253.76,260.75,266.23,270.85,274.9,278.52,281.9,284.97,287.83,290.52,293.06,295.46,297.76,299.95
215,215,215,215,215,215,215,215,215,215,215,215,215,215,215,215,215,222.95,242.93,253.25,260.28,265.79,270.41,274.46,278.08,281.45,284.51,287.37,290.05,292.57,294.97,297.25,299.43
215,215,215,215,215,215,215,215,215,215,215,215,215,215,215,215,215,221.68,242.26,252.73,259.82,265.34,269.98,274.02,277.63,281,284.06,286.9,289.57,292.09,294.47,296.74,298.91
215,215,215,215,215,215,215,215,215,215,215,215,215,215,215,215,215,220.39,241.58,252.21,259.35,264.9,269.54,273.58,277.19,280.55,283.6,286.44,289.1,291.6,293.98,296.24,298.4
215,215,215,215,215,215,215,215,215,215,215,215,215,215,215,215,215,219.07,240.9,251.7,258.89,264.46,269.1,273.14,276.75,280.11,283.15,285.98,288.63,291.12,293.49,295.74,297.89
215,215,215,215,215,215,215,215,215,215,215,215,215,215,215,215,215,217.72,240.21,251.18,258.43,264.01,268.67,272.71,276.31,279.66,282.7,285.52,288.16,290.64,293,295.24,297.38
215,215,215,215,215,215,215,215,215,215,215,215,215,215,215,215,215,216.35,239.51,250.67,257.97,263.57,268.23,272.28,275.88,279.22,282.25,285.06,287.69,290.17,292.51,294.74,296.87
215,215,215,215,215,215,215,215,215,215,215,215,215,215,215,215,215,215,238.8,250.15,257.51,263.13,267.8,271.84,275.44,278.78,281.8,284.6,287.22,289.69,292.03,294.24,296.36
215,215,215,215,215,215,215,215,215,215,215,215,215,215,215,215,215,215,238.09,249.63,257.05,262.7,267.37,271.41,275.01,278.34,281.35,284.15,286.76,289.22,291.54,293.75,295.86
215,215,215,215,215,215,215,215,215,215,215,215,215,215,215,215,215,215,237.37,249.11,256.59,262.26,266.94,270.98,274.57,277.9,280.91,283.69,286.3,288.75,291.06,293.26,295.35
215,215,215,215,215,215,215,215,215,215,215,215,215,215,215,215,215,215,236.64,248.59,256.13,261.82,266.51,270.56,274.14,277.47,280.46,283.24,285.84,288.28,290.58,292.77,294.85
215,215,215,215,215,215,215,215,215,215,215,215,215,215,215,215,215,215,235.89,248.07,255.67,261.39,266.08,270.13,273.71,277.03,280.02,282.79,285.38,287.81,290.1,292.28,294.35
215,215,215,215,215,215,215,215,215,215,215,215,215,215,215,215,215,215,235.14,247.55,255.21,260.95,265.66,269.7,273.28,276.6,279.58,282.34,284.92,287.34,289.62,291.79,293.86
215,215,215,215,215,215,215,215,215,215,215,215,215,215,215,215,215,215,234.38,247.02,254.76,260.52,265.23,269.28,272.86,276.16,279.14,281.9,284.46,286.88,289.15,291.31,293.36
215,215,215,215,215,215,215,215,215,215,215,215,215,215,215,215,215,215,233.6,246.5,254.3,260.09,264.81,268.86,272.43,275.73,278.7,281.45,284.01,286.41,288.68,290.82,292.87
215,215,215,215,215,215,215,215,215,215,215,215,215,215,215,215,215,215,232.81,245.98,253.85,259.66,264.39,268.44,272.01,275.31,278.27,281.01,283.56,285.95,288.21,290.34,292.38
215,215,215,215,215,215,215,215,215,215,215,215,215,215,215,215,215,215,232.01,245.45,253.39,259.23,263.97,268.02,271.59,274.88,277.83,280.56,283.11,285.49,287.74,289.86,291.89
215,215,215,215,215,215,215,215,215,215,215,215,215,215,215,215,215,215,231.2,244.92,252.94,258.8,263.55,267.6,271.16,274.45,277.4,280.12,282.66,285.03,287.27,289.39,291.4
215,215,215,215,215,215,215,215,215,215,215,215,215,215,215,215,215,215,230.37,244.39,252.48,258.37,263.13,267.18,270.74,274.03,276.97,279.68,282.21,284.58,286.8,288.91,290.92
215,215,215,215,215,215,215,215,215,215,215,215,215,215,215,215,215,215,229.52,243.86,252.03,257.95,262.71,266.77,270.33,273.6,276.54,279.25,281.76,284.12,286.34,288.44,290.43
215,215,215,215,215,215,215,215,215,215,215,215,215,215,215,215,215,215,228.66,243.33,251.58,257.52,262.3,266.35,269.91,273.18,276.11,278.81,281.32,283.67,285.88,287.97,289.95
215,215,215,215,215,215,215,215,215,215,215,215,215,215,215,215,215,215,227.78,242.8,251.13,257.1,261.88,265.94,269.49,272.76,275.68,278.38,280.88,283.22,285.41,287.49,289.47
215,215,215,215,215,215,215,215,215,215,215,215,215,215,215,215,215,215,226.88,242.26,250.68,256.68,261.47,265.53,269.08,272.34,275.26,277.94,280.44,282.76,284.96,287.03,288.99
215,215,215,215,215,215,215,215,215,215,215,215,215,215,215,215,215,215,225.96,241.72,250.22,256.25,261.06,265.12,268.67,271.92,274.83,277.51,280,282.32,284.5,286.56,288.52
215,215,215,215,215,215,215,215,215,215,215,215,215,215,215,215,215,215,225.02,241.18,249.77,255.83,260.65,264.71,268.25,271.51,274.41,277.08,279.56,281.87,284.04,286.09,288.04
215,215,215,215,215,215,215,215,215,215,215,215,215,215,215,215,215,215,224.06,240.64,249.32,255.41,260.24,264.3,267.84,271.09,273.99,276.65,279.12,281.42,283.59,285.63,287.57
215,215,215,215,215,215,215,215,215,215,215,215,215,215,215,215,215,215,223.08,240.09,248.87,254.99,259.83,263.89,267.43,270.68,273.57,276.23,278.69,280.98,283.13,285.17,287.1
215,215,215,215,215,215,215,215,215,215,215,215,215,215,215,215,215,215,222.07,239.55,248.42,254.57,259.42,263.49,267.03,270.27,273.15,275.8,278.25,280.54,282.68,284.71,286.63
215,215,215,215,215,215,215,215,215,215,215,215,215,215,215,215,215,215,221.03,239,247.98,254.16,259.01,263.08,266.62,269.86,272.74,275.38,277.82,280.1,282.23,284.25,286.16
215,215,215,215,215,215,215,215,215,215,215,215,215,215,215,215,215,215,219.97,238.44,247.53,253.74,258.61,262.68,266.22,269.45,272.32,274.95,277.39,279.66,281.79,283.79,285.69
215,215,215,215,215,215,215,215,215,215,215,215,215,215,215,215,215,215,218.88,237.89,247.08,253.33,258.2,262.28,265.81,269.04,271.91,274.53,276.96,279.22,281.34,283.34,285.23
215,215,215,215,215,215,215,215,215,215,215,215,215,215,215,215,215,215,217.76,237.33,246.63,252.91,257.8,261.88,265.41,268.63,271.49,274.11,276.53,278.79,280.9,282.88,284.77
215,215,215,215,215,215,215,215,215,215,215,215,215,215,215,215,215,215,216.62,236.77,246.18,252.5,257.4,261.48,265.01,268.23,271.08,273.69,276.11,278.35,280.45,282.43,284.31
215,215,215,215,215,215,215,215,215,215,215,215,215,215,215,215,215,215,215.44,236.2,245.73,252.08,257,261.08,264.61,267.82,270.67,273.28,275.68,277.92,280.01,281.98,283.85
215,215,215,215,215,215,215,215,215,215,215,215,215,215,215,215,215,215,215,235.63,245.28,251.67,256.6,260.68,264.21,267.42,270.26,272.86,275.26,277.49,279.57,281.53,283.39
215,215,215,215,215,215,215,215,215,215,215,215,215,215,215,215,215,215,215,235.06,244.84,251.26,256.2,260.29,263.81,267.02,269.86,272.45,274.84,277.06,279.13,281.09,282.93
215,215,215,215,215,215,215,215,215,215,215,215,215,215,215,215,215,215,215,234.48,244.39,250.85,255.8,259.89,263.42,266.62,269.45,272.03,274.42,276.63,278.7,280.64,282.48
215,215,215,215,215,215,215,215,215,215,215,215,215,215,215,215,215,215,215,233.9,243.94,250.44,255.41,259.5,263.02,266.22,269.05,271.62,274,276.2,278.26,280.2,282.03
215,215,215,215,215,215,215,215,215,215,215,215,215,215,215,215,215,215,215,233.31,243.49,250.03,255.01,259.11,262.63,265.82,268.64,271.21,273.58,275.78,277.83,279.76,281.58
215,215,215,215,215,215,215,215,215,215,215,215,215,215,215,215,215,215,215,232.72,243.05,249.63,254.62,258.72,262.23,265.43,268.24,270.8,273.16,275.35,277.4,279.32,281.13
215,215,215,215,215,215,215,215,215,215,215,215,215,215,215,215,215,215,215,232.12,242.6,249.22,254.22,258.33,261.84,265.03,267.84,270.4,272.75,274.93,276.96,278.88,280.68
215,215,215,215,215,215,215,215,215,215,215,215,215,215,215,215,215,215,215,231.52,242.15,248.81,253.83,257.94,261.45,264.64,267.44,269.99,272.34,274.51,276.54,278.44,280.23
215,215,215,215,215,215,215,215,215,215,215,215,215,215,215,215,215,215,215,230.91,241.7,248.41,253.44,257.55,261.06,264.24,267.04,269.59,271.92,274.09,276.11,278,279.79
215,215,215,215,215,215,215,215,215,215,215,215,215,215,215,215,215,215,215,230.29,241.26,248,253.05,257.17,260.68,263.85,266.65,269.18,271.51,273.67,275.68,277.57,279.35
215,215,215,215,215,215,215,215,215,215,215,215,215,215,215,215,215,215,215,229.67,240.81,247.6,252.66,256.78,260.29,263.46,266.25,268.78,271.1,273.25,275.26,277.14,278.91
215,215,215,215,215,215,215,215,215,215,215,215,215,215,215,215,215,215,215,229.04,240.36,247.2,252.27,256.4,259.91,263.07,265.86,268.38,270.7,272.84,274.83,276.7,278.47
215,215,215,215,215,215,215,215,215,215,215,215,215,215,215,215,215,215,215,228.4,239.91,246.79,251.89,256.01,259.52,262.69,265.46,267.98,270.29,272.42,274.41,276.27,278.03
215,215,215,215,215,215,215,215,215,215,215,215,215,215,215,215,215,215,215,227.76,239.46,246.39,251.5,255.63,259.14,262.3,265.07,267.58,269.89,272.01,273.99,275.85,277.59
215,215,215,215,215,215,215,215,215,215,215,215,215,215,215,215,215,215,215,227.1,239.01,245.99,251.12,255.25,258.76,261.92,264.68,267.19,269.48,271.6,273.57,275.42,277.16
215,215,215,215,215,215,215,215,215,215,215,215,215,215,215,215,215,215,215,226.44,238.56,245.59,250.73,254.87,258.38,261.53,264.29,266.79,269.08,271.19,273.16,274.99,276.72
215,215,215,215,215,215,215,215,215,215,215,215,215,215,215,215,215,215,215,225.77,238.11,245.19,250.35,254.49,258,261.15,263.9,266.4,268.68,270.78,272.74,274.57,276.29
215,215,215,215,215,215,215,215,215,215,215,215,215,215,215,215,215,215,215,225.09,237.66,244.79,249.97,254.12,257.62,260.77,263.52,266,268.28,270.38,272.32,274.15,275.86
215,215,215,215,215,215,215,215,215,215,215,215,215,215,215,215,215,215,215,224.4,237.21,244.4,249.59,253.74,257.24,260.39,263.13,265.61,267.88,269.97,271.91,273.73,275.43
215,215,215,215,215,215,215,215,215,215,215,215,215,215,215,215,215,215,215,223.69,236.76,244,249.21,253.36,256.87,260.01,262.75,265.22,267.48,269.57,271.5,273.31,275
215,215,215,215,215,215,215,215,215,215,215,215,215,215,215,215,215,215,215,222.98,236.3,243.6,248.83,252.99,256.49,259.63,262.37,264.83,267.09,269.16,271.09,272.89,274.58
215,215,215,215,215,215,215,215,215,215,215,215,215,215,215,215,215,215,215,222.25,235.85,243.21,248.45,252.62,256.12,259.25,261.98,264.45,266.69,268.76,270.68,272.47,274.15
215,215,215,215,215,215,215,215,215,215,215,215,215,215,215,215,215,215,215,221.5,235.4,242.81,248.07,252.24,255.75,258.88,261.6,264.06,266.3,268.36,270.27,272.06,273.73
215,215,215,215,215,215,215,215,215,215,215,215,215,215,215,215,215,215,215,220.75,234.94,242.42,247.7,251.87,255.37,258.5,261.22,263.67,265.91,267.96,269.87,271.64,273.31
215,215,215,215,215,215,215,215,215,215,215,215,215,215,215,215,215,215,215,219.97,234.49,242.02,247.32,251.5,255,258.13,260.85,263.29,265.52,267.57,269.46,271.23,272.89
215,215,215,215,215,215,215,215,215,215,215,215,215,215,215,215,215,215,215,219.18,234.03,241.63,246.95,251.14,254.64,257.76,260.47,262.91,265.13,267.17,269.06,270.82,272.47
215,215,215,215,215,215,215,215,215,215,215,215,215,215,215,215,215,215,215,218.37,233.57,241.24,246.57,250.77,254.27,257.39,260.09,262.53,264.74,266.77,268.66,270.41,272.05
215,215,215,215,215,215,215,215,215,215,215,215,215,215,215,215,215,215,215,217.55,233.11,240.84,246.2,250.4,253.9,257.02,259.72,262.15,264.35,266.38,268.26,270,271.64
215,215,215,215,215,215,215,215,215,215,215,215,215,215,215,215,215,215,215,216.7,232.65,240.45,245.83,250.04,253.53,256.65,259.35,261.77,263.97,265.99,267.86,269.6,271.22
215,215,215,215,215,215,215,215,215,215,215,215,215,215,215,215,215,215,215,215.83,232.19,240.06,245.46,249.67,253.17,256.28,258.97,261.39,263.58,265.6,267.46,269.19,270.81
215,215,215,215,215,215,215,215,215,215,215,215,215,215,215,215,215,215,215,215,231.73,239.67,245.09,249.31,252.81,255.92,258.6,261.01,263.2,265.21,267.06,268.79,270.4
215,215,215,215,215,215,215,215,215,215,215,215,215,215,215,215,215,215,215,215,231.26,239.28,244.72,248.94,252.44,255.55,258.23,260.64,262.82,264.82,266.67,268.38,269.99
215,215,215,215,215,215,215,215,215,215,215,215,215,215,215,215,215,215,215,215,230.8,238.89,244.35,248.58,252.08,255.19,257.86,260.26,262.44,264.43,266.27,267.98,269.58
215,215,215,215,215,215,215,215,215,215,215,215,215,215,215,215,215,215,215,215,230.33,238.5,243.98,248.22,251.72,254.82,257.5,259.89,262.06,264.05,265.88,267.58,269.17
215,215,215,215,215,215,215,215,215,215,215,215,215,215,215,215,215,215,215,215,229.86,238.11,243.62,247.86,251.36,254.46,257.13,259.52,261.68,263.66,265.49,267.18,268.77
215,215,215,215,215,215,215,215,215,215,215,215,215,215,215,215,215,215,215,215,229.39,237.72,243.25,247.5,251,254.1,256.77,259.15,261.31,263.28,265.1,266.79,268.36
215,215,215,215,215,215,215,215,215,215,215,215,215,215,215,215,215,215,215,215,228.92,237.33,242.89,247.15,250.65,253.74,256.4,258.78,260.93,262.9,264.71,266.39,267.96
215,215,215,215,215,215,215,215,215,215,215,215,215,215,215,215,215,215,215,215,228.44,236.95,242.52,246.79,250.29,253.38,256.04,258.41,260.56,262.52,264.32,266,267.56
215,215,215,215,215,215,215,215,215,215,215,215,215,215,215,215,215,215,215,215,227.97,236.56,242.16,246.43,249.94,253.03,255.68,258.04,260.18,262.14,263.93,265.6,267.16
215,215,215,215,215,215,215,215,215,215,215,215,215,215,215,215,215,215,215,215,227.49,236.17,241.8,246.08,249.58,252.67,255.32,257.68,259.81,261.76,263.55,265.21,266.76
215,215,215,215,215,215,215,215,215,215,215,215,215,215,215,215,215,215,215,215,227,235.78,241.44,245.72,249.23,252.31,254.96,257.31,259.44,261.38,263.16,264.82,266.36
215,215,215,215,215,215,215,215,215,215,215,215,215,215,215,215,215,215,215,215,226.52,235.4,241.08,245.37,248.88,251.96,254.6,256.95,259.07,261,262.78,264.43,265.97
215,215,215,215,215,215,215,215,215,215,215,215,215,215,215,215,215,215,215,215,226.03,235.01,240.72,245.02,248.52,251.61,254.24,256.58,258.7,260.63,262.4,264.04,265.57
215,215,215,215,215,215,215,215,215,215,215,215,215,215,215,215,215,215,215,215,225.54,234.63,240.36,244.67,248.17,251.25,253.88,256.22,258.33,260.25,262.02,263.65,265.18
215,215,215,215,215,215,215,215,215,215,215,215,215,215,215,215,215,215,215,215,225.05,234.24,240,244.32,247.83,250.9,253.53,255.86,257.97,259.88,261.64,263.27,264.78
215,215,215,215,215,215,215,215,215,215,215,215,215,215,215,215,215,215,215,215,224.55,233.86,239.64,243.97,247.48,250.55,253.17,255.5,257.6,259.51,261.26,262.88,264.39
215,215,215,215,215,215,215,215,215,215,215,215,215,215,215,215,215,215,215,215,224.05,233.47,239.28,243.62,247.13,250.2,252.82,255.15,257.24,259.14,260.89,262.5,264
215,215,215,215,215,215,215,215,215,215,215,215,215,215,215,215,215,215,215,215,223.55,233.09,238.93,243.27,246.78,249.86,252.47,254.79,256.88,258.77,260.51,262.12,263.61
215,215,215,215,215,215,215,215,215,215,215,215,215,215,215,215,215,215,215,215,223.04,232.7,238.57,242.93,246.44,249.51,252.12,254.43,256.51,258.4,260.14,261.74,263.23
215,215,215,215,215,215,215,215,215,215,215,215,215,215,215,215,215,215,215,215,222.53,232.32,238.22,242.58,246.1,249.16,251.77,254.08,256.15,258.04,259.76,261.36,262.84
215,215,215,215,215,215,215,215,215,215,215,215,215,215,215,215,215,215,215,215,222.02,231.93,237.87,242.24,245.75,248.82,251.42,253.72,255.79,257.67,259.39,260.98,262.46
215,215,215,215,215,215,215,215,215,215,215,215,215,215,215,215,215,215,215,215,221.5,231.55,237.51,241.89,245.41,248.47,251.07,253.37,255.44,257.31,259.02,260.6,262.07
215,215,215,215,215,215,215,215,215,215,215,215,215,215,215,215,215,215,215,215,220.97,231.16,237.16,241.55,245.07,248.13,250.72,253.02,255.08,256.94,258.65,260.23,261.69
215,215,215,215,215,215,215,215,215,215,215,215,215,215,215,215,215,215,215,215,220.44,230.78,236.81,241.21,244.73,247.79,250.38,252.67,254.72,256.58,258.28,259.85,261.31
215,215,215,215,215,215,215,215,215,215,215,215,215,215,215,215,215,215,215,215,219.91,230.4,236.46,240.87,244.39,247.45,250.03,252.32,254.37,256.22,257.92,259.48,260.93
215,215,215,215,215,215,215,215,215,215,215,215,215,215,215,215,215,215,215,215,219.37,230.01,236.11,240.53,244.05,247.11,249.69,251.97,254.01,255.86,257.55,259.11,260.55
215,215,215,215,215,215,215,215,215,215,215,215,215,215,215,215,215,215,215,215,218.82,229.63,235.76,240.19,243.71,246.77,249.35,251.62,253.66,255.5,257.19,258.74,260.17
215,215,215,215,215,215,215,215,215,215,215,215,215,215,215,215,215,215,215,215,218.27,229.25,235.41,239.85,243.38,246.43,249.01,251.28,253.31,255.15,256.82,258.37,259.8
215,215,215,215,215,215,215,215,215,215,215,215,215,215,215,215,215,215,215,215,217.71,228.86,235.06,239.51,243.04,246.09,248.67,250.93,252.96,254.79,256.46,258,259.42
215,215,215,215,215,215,215,215,215,215,215,215,215,215,215,215,215,215,215,215,217.14,228.48,234.72,239.18,242.71,245.76,248.33,250.59,252.61,254.43,256.1,257.63,259.05
215,215,215,215,215,215,215,215,215,215,215,215,215,215,215,215,215,215,215,215,216.57,228.09,234.37,238.84,242.37,245.42,247.99,250.24,252.26,254.08,255.74,257.27,258.68
215,215,215,215,215,215,215,215,215,215,215,215,215,215,215,215,215,215,215,215,215.98,227.71,234.02,238.51,242.04,245.09,247.65,249.9,251.91,253.73,255.38,256.9,258.31
215,215,215,215,215,215,215,215,215,215,215,215,215,215,215,215,215,215,215,215,215.39,227.32,233.68,238.17,241.71,244.76,247.31,249.56,251.57,253.38,255.02,256.54,257.94
215,215,215,215,215,215,215,215,215,215,215,215,215,215,215,215,215,215,215,215,215,226.94,233.33,237.84,241.38,244.42,246.98,249.22,251.22,253.02,254.67,256.17,257.57
215,215,215,215,215,215,215,215,215,215,215,215,215,215,215,215,215,215,215,215,215,226.56,232.99,237.51,241.05,244.09,246.64,248.88,250.88,252.67,254.31,255.81,257.2
215,215,215,215,215,215,215,215,215,215,215,215,215,215,215,215,215,215,215,215,215,226.17,232.65,237.17,240.72,243.76,246.31,248.54,250.53,252.33,253.96,255.45,256.83
215,215,215,215,215,215,215,215,215,215,215,215,215,215,215,215,215,215,215,215,215,225.79,232.3,236.84,240.39,243.43,245.98,248.21,250.19,251.98,253.6,255.09,256.47
215,215,215,215,215,215,215,215,215,215,215,215,215,215,215,215,215,215,215,215,215,225.4,231.96,236.51,240.06,243.1,245.64,247.87,249.85,251.63,253.25,254.73,256.1
215,215,215,215,215,215,215,215,215,215,215,215,215,215,215,215,215,215,215,215,215,225.01,231.62,236.18,239.74,242.78,245.31,247.53,249.51,251.29,252.9,254.38,255.74
215,215,215,215,215,215,215,215,215,215,215,215,215,215,215,215,215,215,215,215,215,224.63,231.28,235.86,239.41,242.45,244.98,247.2,249.17,250.94,252.55,254.02,255.38
215,215,215,215,215,215,215,215,215,215,215,215,215,215,215,215,215,215,215,215,215,224.24,230.94,235.53,239.09,242.12,244.66,246.87,248.83,250.6,252.2,253.67,255.02
215,215,215,215,215,215,215,215,215,215,215,215,215,215,215,215,215,215,215,215,215,223.85,230.6,235.2,238.76,241.8,244.33,246.54,248.49,250.25,251.85,253.31,254.66
215,215,215,215,215,215,215,215,215,215,215,215,215,215,215,215,215,215,215,215,215,223.46,230.26,234.88,238.44,241.48,244,246.2,248.16,249.91,251.5,252.96,254.3
215,215,215,215,215,215,215,215,215,215,215,215,215,215,215,215,215,215,215,215,215,223.08,229.92,234.55,238.12,241.15,243.67,245.87,247.82,249.57,251.16,252.61,253.94
215,215,215,215,215,215,215,215,215,215,215,215,215,215,215,215,215,215,215,215,215,222.69,229.58,234.23,237.8,240.83,243.35,245.54,247.49,249.23,250.81,252.26,253.59
215,215,215,215,215,215,215,215,215,215,215,215,215,215,215,215,215,215,215,215,215,222.3,229.24,233.9,237.47,240.51,243.03,245.22,247.16,248.9,250.47,251.91,253.23
215,215,215,215,215,215,215,215,215,215,215,215,215,215,215,215,215,215,215,215,215,221.91,228.91,233.58,237.15,240.19,242.7,244.89,246.82,248.56,250.13,251.56,252.88
215,215,215,215,215,215,215,215,215,215,215,215,215,215,215,215,215,215,215,215,215,221.52,228.57,233.26,236.84,239.87,242.38,244.56,246.49,248.22,249.78,251.21,252.52
215,215,215,215,215,215,215,215,215,215,215,215,215,215,215,215,215,215,215,215,215,221.12,228.23,232.94,236.52,239.55,242.06,244.24,246.16,247.89,249.44,250.87,252.17
215,215,215,215,215,215,215,215,215,215,215,215,215,215,215,215,215,215,215,215,215,220.73,227.9,232.61,236.2,239.23,241.74,243.91,245.83,247.55,249.1,250.52,251.82
215,215,215,215,215,215,215,215,215,215,215,215,215,215,215,215,215,215,215,215,215,220.34,227.56,232.29,235.89,238.92,241.42,243.59,245.51,247.22,248.77,250.18,251.47
215,215,215,215,215,215,215,215,215,215,215,215,215,215,215,215,215,215,215,215,215,219.94,227.23,231.98,235.57,238.6,241.1,243.27,245.18,246.89,248.43,249.83,251.12
215,215,215,215,215,215,215,215,215,215,215,215,215,215,215,215,215,215,215,215,215,219.55,226.89,231.66,235.26,238.29,240.78,242.94,244.85,246.55,248.09,249.49,250.78
215,215,215,215,215,215,215,215,215,215,215,215,215,215,215,215,215,215,215,215,215,219.15,226.56,231.34,234.94,237.97,240.46,242.62,244.53,246.22,247.76,249.15,250.43
215,215,215,215,215,215,215,215,215,215,215,215,215,215,215,215,215,215,215,215,215,218.75,226.23,231.02,234.63,237.66,240.15,242.3,244.2,245.89,247.42,248.81,250.08
215,215,215,215,215,215,215,215,215,215,215,215,215,215,215,215,215,215,215,215,215,218.35,225.89,230.71,234.32,237.35,239.83,241.98,243.88,245.57,247.09,248.47,249.74
215,215,215,215,215,215,215,215,215,215,215,215,215,215,215,215,215,215,215,215,215,217.95,225.56,230.39,234,237.04,239.52,241.67,243.56,245.24,246.75,248.13,249.4
215,215,215,215,215,215,215,215,215,215,215,215,215,215,215,215,215,215,215,215,215,217.55,225.23,230.08,233.69,236.73,239.21,241.35,243.23,244.91,246.42,247.8,249.05
215,215,215,215,215,215,215,215,215,215,215,215,215,215,215,215,215,215,215,215,215,217.14,224.9,229.76,233.38,236.42,238.89,241.03,242.91,244.59,246.09,247.46,248.71
215,215,215,215,215,215,215,215,215,215,215,215,215,215,215,215,215,215,215,215,215,216.74,224.57,229.45,233.08,236.11,238.58,240.72,242.59,244.26,245.76,247.13,248.37
215,215,215,215,215,215,215,215,215,215,215,215,215,215,215,215,215,215,215,215,215,216.33,224.23,229.13,232.77,235.8,238.27,240.4,242.27,243.94,245.43,246.79,248.03
215,215,215,215,215,215,215,215,215,215,215,215,215,215,215,215,215,215,215,215,215,215.92,223.9,228.82,232.46,235.49,237.96,240.09,241.96,243.62,245.11,246.46,247.69
215,215,215,215,215,215,215,215,215,215,215,215,215,215,215,215,215,215,215,215,215,215.51,223.57,228.51,232.15,235.18,237.65,239.78,241.64,243.29,244.78,246.13,247.36
215,215,215,215,215,215,215,215,215,215,215,215,215,215,215,215,215,215,215,215,215,215.1,223.24,228.2,231.85,234.88,237.34,239.47,241.32,242.97,244.45,245.8,247.02
215,215,215,215,215,215,215,215,215,215,215,215,215,215,215,215,215,215,215,215,215,215,222.91,227.89,231.54,234.57,237.04,239.15,241.01,242.65,244.13,245.47,246.69
215,215,215,215,215,215,215,215,215,215,215,215,215,215,215,215,215,215,215,215,215,215,222.59,227.58,231.24,234.27,236.73,238.84,240.69,242.33,243.81,245.14,246.35
215,215,215,215,215,215,215,215,215,215,215,215,215,215,215,215,215,215,215,215,215,215,222.26,227.27,230.93,233.97,236.43,238.53,240.38,242.02,243.48,244.81,246.02
215,215,215,215,215,215,215,215,215,215,215,215,215,215,215,215,215,215,215,215,215,215,221.93,226.96,230.63,233.66,236.12,238.23,240.07,241.7,243.16,244.48,245.69
215,215,215,215,215,215,215,215,215,215,215,215,215,215,215,215,215,215,215,215,215,215,221.6,226.66,230.33,233.36,235.82,237.92,239.76,241.38,242.84,244.16,245.36
215,215,215,215,215,215,215,215,215,215,215,215,215,215,215,215,215,215,215,215,215,215,221.27,226.35,230.03,233.06,235.51,237.61,239.45,241.07,242.52,243.83,245.03
215,215,215,215,215,215,215,215,215,215,215,215,215,215,215,215,215,215,215,215,215,215,220.94,226.04,229.73,232.76,235.21,237.31,239.14,240.75,242.2,243.51,244.7
215,215,215,215,215,215,215,215,215,215,215,215,215,215,215,215,215,215,215,215,215,215,220.62,225.74,229.43,232.46,234.91,237,238.83,240.44,241.88,243.18,244.37
215,215,215,215,215,215,215,215,215,215,215,215,215,215,215,215,215,215,215,215,215,215,220.29,225.43,229.13,232.16,234.61,236.7,238.52,240.13,241.56,242.86,244.04
215,215,215,215,215,215,215,215,215,215,215,215,215,215,215,215,215,215,215,215,215,215,219.96,225.13,228.83,231.87,234.31,236.39,238.21,239.82,241.25,242.54,243.72
215,215,215,215,215,215,215,215,215,215,215,215,215,215,215,215,215,215,215,215,215,215,219.64,224.83,228.53,231.57,234.01,236.09,237.9,239.5,240.93,242.22,243.39
215,215,215,215,215,215,215,215,215,215,215,215,215,215,215,215,215,215,215,215,215,215,219.31,224.52,228.24,231.27,233.71,235.79,237.6,239.19,240.62,241.9,243.07
215,215,215,215,215,215,215,215,215,215,215,215,215,215,215,215,215,215,215,215,215,215,218.98,224.22,227.94,230.98,233.41,235.49,237.29,238.89,240.3,241.58,242.74
215,215,215,215,215,215,215,215,215,215,215,215,215,215,215,215,215,215,215,215,215,215,218.66,223.92,227.64,230.68,233.12,235.19,236.99,238.58,239.99,241.26,242.42
215,215,215,215,215,215,215,215,215,215,215,215,215,215,215,215,215,215,215,215,215,215,218.33,223.62,227.35,230.39,232.82,234.89,236.69,238.27,239.68,240.95,242.1
215,215,215,215,215,215,215,215,215,215,215,215,215,215,215,215,215,215,215,215,215,215,218,223.32,227.06,230.1,232.53,234.59,236.39,237.96,239.37,240.63,241.78
215,215,215,215,215,215,215,215,215,215,215,215,215,215,215,215,215,215,215,215,215,215,217.68,223.02,226.76,229.8,232.23,234.3,236.08,237.66,239.06,240.32,241.46
215,215,215,215,215,215,215,215,215,215,215,215,215,215,215,215,215,215,215,215,215,215,217.35,222.72,226.47,229.51,231.94,234,235.78,237.35,238.75,240,241.14
215,215,215,215,215,215,215,215,215,215,215,215,215,215,215,215,215,215,215,215,215,215,217.03,222.42,226.18,229.22,231.65,233.7,235.48,237.05,238.44,239.69,240.82
215,215,215,215,215,215,215,215,215,215,215,215,215,215,215,215,215,215,215,215,215,215,216.7,222.12,225.89,228.93,231.35,233.41,235.19,236.75,238.13,239.38,240.51
215,215,215,215,215,215,215,215,215,215,215,215,215,215,215,215,215,215,215,215,215,215,216.37,221.82,225.6,228.64,231.06,233.11,234.89,236.44,237.83,239.07,240.19
215,215,215,215,215,215,215,215,215,215,215,215,215,215,215,215,215,215,215,215,215,215,216.05,221.52,225.31,228.35,230.77,232.82,234.59,236.14,237.52,238.76,239.88
215,215,215,215,215,215,215,215,215,215,215,215,215,215,215,215,215,215,215,215,215,215,215.72,221.23,225.02,228.07,230.48,232.53,234.29,235.84,237.22,238.45,239.56
215,215,215,215,215,215,215,215,215,215,215,215,215,215,215,215,215,215,215,215,215,215,215.4,220.93,224.73,227.78,230.19,232.24,234,235.54,236.91,238.14,239.25
215,215,215,215,215,215,215,215,215,215,215,215,215,215,215,215,215,215,215,215,215,215,215.07,220.64,224.44,227.49,229.91,231.95,233.7,235.24,236.61,237.83,238.94
215,215,215,215,215,215,215,215,215,215,215,215,215,215,215,215,215,215,215,215,215,215,215,220.34,224.15,227.21,229.62,231.65,233.41,234.95,236.31,237.53,238.63
215,215,215,215,215,215,215,215,215,215,215,215,215,215,215,215,215,215,215,215,215,215,215,220.05,223.87,226.92,229.33,231.37,233.12,234.65,236.01,237.22,238.32
215,215,215,215,215,215,215,215,215,215,215,215,215,215,215,215,215,215,215,215,215,215,215,219.75,223.58,226.64,229.05,231.08,232.82,234.35,235.7,236.91,238.01
215,215,215,215,215,215,215,215,215,215,215,215,215,215,215,215,215,215,215,215,215,215,215,219.46,223.3,226.35,228.76,230.79,232.53,234.06,235.4,236.61,237.7
215,215,215,215,215,215,215,215,215,215,215,215,215,215,215,215,215,215,215,215,215,215,215,219.16,223.01,226.07,228.48,230.5,232.24,233.76,235.11,236.31,237.39
215,215,215,215,215,215,215,215,215,215,215,215,215,215,215,215,215,215,215,215,215,215,215,218.87,222.73,225.79,228.19,230.22,231.95,233.47,234.81,236,237.08
215,215,215,215,215,215,215,215,215,215,215,215,215,215,215,215,215,215,215,215,215,215,215,218.58,222.44,225.51,227.91,229.93,231.66,233.17,234.51,235.7,236.78
215,215,215,215,215,215,215,215,215,215,215,215,215,215,215,215,215,215,215,215,215,215,215,218.29,222.16,225.23,227.63,229.64,231.37,232.88,234.21,235.4,236.47
215,215,215,215,215,215,215,215,215,215,215,215,215,215,215,215,215,215,215,215,215,215,215,218,221.88,224.95,227.35,229.36,231.09,232.59,233.92,235.1,236.17
215,215,215,215,215,215,215,215,215,215,215,215,215,215,215,215,215,215,215,215,215,215,215,217.71,221.6,224.67,227.07,229.08,230.8,232.3,233.62,234.8,235.86
215,215,215,215,215,215,215,215,215,215,215,215,215,215,215,215,215,215,215,215,215,215,215,217.42,221.32,224.39,226.79,228.79,230.51,232.01,233.33,234.5,235.56
215,215,215,215,215,215,215,215,215,215,215,215,215,215,215,215,215,215,215,215,215,215,215,217.13,221.04,224.11,226.51,228.51,230.23,231.72,233.04,234.21,235.26
215,215,215,215,215,215,215,215,215,215,215,215,215,215,215,215,215,215,215,215,215,215,215,216.84,220.76,223.83,226.23,228.23,229.94,231.43,232.74,233.91,234.96
215,215,215,215,215,215,215,215,215,215,215,215,215,215,215,215,215,215,215,215,215,215,215,216.55,220.48,223.56,225.95,227.95,229.66,231.15,232.45,233.62,234.66
215,215,215,215,215,215,215,215,215,215,215,215,215,215,215,215,215,215,215,215,215,215,215,216.26,220.2,223.28,225.67,227.67,229.38,230.86,232.16,233.32,234.36
215,215,215,215,215,215,215,215,215,215,215,215,215,215,215,215,215,215,215,215,215,215,215,215.97,219.92,223.01,225.4,227.39,229.09,230.57,231.87,233.03,234.06
215,215,215,215,215,215,215,215,215,215,215,215,215,215,215,215,215,215,215,215,215,215,215,215.69,219.65,222.73,225.12,227.11,228.81,230.29,231.58,232.73,233.77
215,215,215,215,215,215,215,215,215,215,215,215,215,215,215,215,215,215,215,215,215,215,215,215.4,219.37,222.46,224.85,226.84,228.53,230,231.29,232.44,233.47
215,215,215,215,215,215,215,215,215,215,215,215,215,215,215,215,215,215,215,215,215,215,215,215.11,219.1,222.18,224.57,226.56,228.25,229.72,231.01,232.15,233.17
215,215,215,215,215,215,215,215,215,215,215,215,215,215,215,215,215,215,215,215,215,215,215,215,218.82,221.91,224.3,226.28,227.97,229.44,230.72,231.86,232.88
215,215,215,215,215,215,215,215,215,215,215,215,215,215,215,215,215,215,215,215,215,215,215,215,218.55,221.64,224.03,226.01,227.69,229.15,230.43,231.57,232.58
215,215,215,215,215,215,215,215,215,215,215,215,215,215,215,215,215,215,215,215,215,215,215,215,218.27,221.37,223.75,225.73,227.42,228.87,230.15,231.28,232.29
215,215,215,215,215,215,215,215,215,215,215,215,215,215,215,215,215,215,215,215,215,215,215,215,218,221.1,223.48,225.46,227.14,228.59,229.86,230.99,232
215,215,215,215,215,215,215,215,215,215,215,215,215,215,215,215,215,215,215,215,215,215,215,215,217.72,220.83,223.21,225.19,226.86,228.31,229.58,230.7,231.71
215,215,215,215,215,215,215,215,215,215,215,215,215,215,215,215,215,215,215,215,215,215,215,215,217.45,220.56,222.94,224.91,226.59,228.03,229.3,230.42,231.42
215,215,215,215,215,215,215,215,215,215,215,215,215,215,215,215,215,215,215,215,215,215,215,215,217.18,220.29,222.67,224.64,226.31,227.75,229.01,230.13,231.13
215,215,215,215,215,215,215,215,215,215,215,215,215,215,215,215,215,215,215,215,215,215,215,215,216.91,220.02,222.4,224.37,226.04,227.48,228.73,229.84,230.84
215,215,215,215,215,215,215,215,215,215,215,215,215,215,215,215,215,215,215,215,215,215,215,215,216.64,219.75,222.14,224.1,225.76,227.2,228.45,229.56,230.55
215,215,215,215,215,215,215,215,215,215,215,215,215,215,215,215,215,215,215,215,215,215,215,215,216.37,219.49,221.87,223.83,225.49,226.92,228.17,229.28,230.26
215,215,215,215,215,215,215,215,215,215,215,215,215,215,215,215,215,215,215,215,215,215,215,215,216.1,219.22,221.6,223.56,225.22,226.65,227.89,228.99,229.97
215,215,215,215,215,215,215,215,215,215,215,215,215,215,215,215,215,215,215,215,215,215,215,215,215.83,218.96,221.34,223.29,224.95,226.37,227.61,228.71,229.69
215,215,215,215,215,215,215,215,215,215,215,215,215,215,215,215,215,215,215,215,215,215,215,215,215.56,218.69,221.07,223.03,224.68,226.1,227.34,228.43,229.4
215,215,215,215,215,215,215,215,215,215,215,215,215,215,215,215,215,215,215,215,215,215,215,215,215.29,218.43,220.8,222.76,224.41,225.82,227.06,228.15,229.12
215,215,215,215,215,215,215,215,215,215,215,215,215,215,215,215,215,215,215,215,215,215,215,215,215.03,218.16,220.54,222.49,224.14,225.55,226.78,227.87,228.83
215,215,215,215,215,215,215,215,215,215,215,215,215,215,215,215,215,215,215,215,215,215,215,215,215,217.9,220.28,222.23,223.87,225.28,226.51,227.59,228.55
215,215,215,215,215,215,215,215,215,215,215,215,215,215,215,215,215,215,215,215,215,215,215,215,215,217.64,220.01,221.96,223.6,225.01,226.23,227.31,228.27
215,215,215,215,215,215,215,215,215,215,215,215,215,215,215,215,215,215,215,215,215,215,215,215,215,217.37,219.75,221.7,223.33,224.74,225.96,227.03,227.99
215,215,215,215,215,215,215,215,215,215,215,215,215,215,215,215,215,215,215,215,215,215,215,215,215,217.11,219.49,221.43,223.07,224.47,225.69,226.76,227.71
215,215,215,215,215,215,215,215,215,215,215,215,215,215,215,215,215,215,215,215,215,215,215,215,215,216.85,219.23,221.17,222.8,224.2,225.41,226.48,227.43
215,215,215,215,215,215,215,215,215,215,215,215,215,215,215,215,215,215,215,215,215,215,215,215,215,216.59,218.97,220.91,222.54,223.93,225.14,226.2,227.15
215,215,215,215,215,215,215,215,215,215,215,215,215,215,215,215,215,215,215,215,215,215,215,215,215,216.33,218.71,220.65,222.27,223.66,224.87,225.93,226.87
215,215,215,215,215,215,215,215,215,215,215,215,215,215,215,215,215,215,215,215,215,215,215,215,215,216.07,218.45,220.39,222.01,223.4,224.6,225.65,226.59
215,215,215,215,215,215,215,215,215,215,215,215,215,215,215,215,215,215,215,215,215,215,215,215,215,215.82,218.19,220.12,221.75,223.13,224.33,225.38,226.31
215,215,215,215,215,215,215,215,215,215,215,215,215,215,215,215,215,215,215,215,215,215,215,215,215,215.56,217.93,219.87,221.48,222.86,224.06,225.11,226.04
215,215,215,215,215,215,215,215,215,215,215,215,215,215,215,215,215,215,215,215,215,215,215,215,215,215.3,217.68,219.61,221.22,222.6,223.79,224.84,225.76
215,215,215,215,215,215,215,215,215,215,215,215,215,215,215,215,215,215,215,215,215,215,215,215,215,215.04,217.42,219.35,220.96,222.33,223.52,224.56,225.49
215,215,215,215,215,215,215,215,215,215,215,215,215,215,215,215,215,215,215,215,215,215,215,215,215,215,217.16,219.09,220.7,222.07,223.26,224.29,225.21
215,215,215,215,215,215,215,215,215,215,215,215,215,215,215,215,215,215,215,215,215,215,215,215,215,215,216.91,218.83,220.44,221.81,222.99,224.02,224.94
215,215,215,215,215,215,215,215,215,215,215,215,215,215,215,215,215,215,215,215,215,215,215,215,215,215,216.65,218.58,220.18,221.55,222.72,223.76,224.67
215,215,215,215,215,215,215,215,215,215,215,215,215,215,215,215,215,215,215,215,215,215,215,215,215,215,216.4,218.32,219.92,221.28,222.46,223.49,224.39
215,215,215,215,215,215,215,215,215,215,215,215,215,215,215,215,215,215,215,215,215,215,215,215,215,215,216.15,218.06,219.66,221.02,222.2,223.22,224.12
215,215,215,215,215,215,215,215,215,215,215,215,215,215,215,215,215,215,215,215,215,215,215,215,215,215,215.89,217.81,219.41,220.76,221.93,222.95,223.85
215,215,215,215,215,215,215,215,215,215,215,215,215,215,215,215,215,215,215,215,215,215,215,215,215,215,215.64,217.56,219.15,220.5,221.67,222.69,223.58
215,215,215,215,215,215,215,215,215,215,215,215,215,215,215,215,215,215,215,215,215,215,215,215,215,215,215.39,217.3,218.89,220.24,221.41,222.42,223.31
215,215,215,215,215,215,215,215,215,215,215,215,215,215,215,215,215,215,215,215,215,215,215,215,215,215,215.14,217.05,218.64,219.99,221.14,222.16,223.05
215,215,215,215,215,215,215,215,215,215,215,215,215,215,215,215,215,215,215,215,215,215,215,215,215,215,215,216.8,218.38,219.73,220.88,221.89,222.78
215,215,215,215,215,215,215,215,215,215,215,215,215,215,215,215,215,215,215,215,215,215,215,215,215,215,215,216.55,218.13,219.47,220.62,221.63,222.51
215,215,215,215,215,215,215,215,215,215,215,215,215,215,215,215,215,215,215,215,215,215,215,215,215,215,215,216.29,217.88,219.21,220.36,221.36,222.24
215,215,215,215,215,215,215,215,215,215,215,215,215,215,215,215,215,215,215,215,215,215,215,215,215,215,215,216.04,217.62,218.96,220.1,221.1,221.98
215,215,215,215,215,215,215,215,215,215,215,215,215,215,215,215,215,215,215,215,215,215,215,215,215,215,215,215.79,217.37,218.7,219.85,220.84,221.71
215,215,215,215,215,215,215,215,215,215,215,215,215,215,215,215,215,215,215,215,215,215,215,215,215,215,215,215.54,217.12,218.45,219.59,220.58,221.45
215,215,215,215,215,215,215,215,215,215,215,215,215,215,215,215,215,215,215,215,215,215,215,215,215,215,215,215.3,216.87,218.19,219.33,220.32,221.19
215,215,215,215,215,215,215,215,215,215,215,215,215,215,215,215,215,215,215,215,215,215,215,215,215,215,215,215.05,216.62,217.94,219.08,220.06,220.92
215,215,215,215,215,215,215,215,215,215,215,215,215,215,215,215,215,215,215,215,215,215,215,215,215,215,215,215,216.37,217.69,218.82,219.8,220.66
215,215,215,215,215,215,215,215,215,215,215,215,215,215,215,215,215,215,215,215,215,215,215,215,215,215,215,215,216.12,217.44,218.56,219.54,220.4
215,215,215,215,215,215,215,215,215,215,215,215,215,215,215,215,215,215,215,215,215,215,215,215,215,215,215,215,215.87,217.19,218.31,219.29,220.14
215,215,215,215,215,215,215,215,215,215,215,215,215,215,215,215,215,215,215,215,215,215,215,215,215,215,215,215,215.62,216.93,218.06,219.03,219.88
215,215,215,215,215,215,215,215,215,215,215,215,215,215,215,215,215,215,215,215,215,215,215,215,215,215,215,215,215.37,216.68,217.8,218.77,219.62
215,215,215,215,215,215,215,215,215,215,215,215,215,215,215,215,215,215,215,215,215,215,215,215,215,215,215,215,215.13,216.43,217.55,218.52,219.36
215,215,215,215,215,215,215,215,215,215,215,215,215,215,215,215,215,215,215,215,215,215,215,215,215,215,215,215,215,216.19,217.3,218.26,219.1
215,215,215,215,215,215,215,215,215,215,215,215,215,215,215,215,215,215,215,215,215,215,215,215,215,215,215,215,215,215.94,217.05,218.01,218.84
215,215,215,215,215,215,215,215,215,215,215,215,215,215,215,215,215,215,215,215,215,215,215,215,215,215,215,215,215,215.69,216.8,217.75,218.59
215,215,215,215,215,215,215,215,215,215,215,215,215,215,215,215,215,215,215,215,215,215,215,215,215,215,215,215,215,215.44,216.55,217.5,218.33
215,215,215,215,215,215,215,215,215,215,215,215,215,215,215,215,215,215,215,215,215,215,215,215,215,215,215,215,215,215.2,216.3,217.25,218.08
215,215,215,215,215,215,215,215,215,215,215,215,215,215,215,215,215,215,215,215,215,215,215,215,215,215,215,215,215,215,216.05,217,217.82
215,215,215,215,215,215,215,215,215,215,215,215,215,215,215,215,215,215,215,215,215,215,215,215,215,215,215,215,215,215,215.8,216.74,217.57
215,215,215,215,215,215,215,215,215,215,215,215,215,215,215,215,215,215,215,215,215,215,215,215,215,215,215,215,215,215,215.55,216.49,217.31
215,215,215,215,215,215,215,215,215,215,215,215,215,215,215,215,215,215,215,215,215,215,215,215,215,215,215,215,215,215,215.31,216.24,217.06
215,215,215,215,215,215,215,215,215,215,215,215,215,215,215,215,215,215,215,215,215,215,215,215,215,215,215,215,215,215,215.06,215.99,216.81
215,215,215,215,215,215,215,215,215,215,215,215,215,215,215,215,215,215,215,215,215,215,215,215,215,215,215,215,215,215,215,215.75,216.56
215,215,215,215,215,215,215,215,215,215,215,215,215,215,215,215,215,215,215,215,215,215,215,215,215,215,215,215,215,215,215,215.5,216.3
215,215,215,215,215,215,215,215,215,215,215,215,215,215,215,215,215,215,215,215,215,215,215,215,215,215,215,215,215,215,215,215.25,216.05
215,215,215,215,215,215,215,215,215,215,215,215,215,215,215,215,215,215,215,215,215,215,215,215,215,215,215,215,215,215,215,215,215.8
215,215,215,215,215,215,215,215,215,215,215,215,215,215,215,215,215,215,215,215,215,215,215,215,215,215,215,215,215,215,215,215,215.56
215,215,215,215,215,215,215,215,215,215,215,215,215,215,215,215,215,215,215,215,215,215,215,215,215,215,215,215,215,215,215,215,215.31
215,215,215,215,215,215,215,215,215,215,215,215,215,215,215,215,215,215,215,215,215,215,215,215,215,215,215,215,215,215,215,215,215.06
215,215,215,215,215,215,215,215,215,215,215,215,215,215,215,215,215,215,215,215,215,215,215,215,215,215,215,215,215,215,215,215,215
215,215,215,215,215,215,215,215,215,215,215,215,215,215,215,215,215,215,215,215,215,215,215,215,215,215,215,215,215,215,215,215,215
215,215,215,215,215,215,215,215,215,215,215,215,215,215,215,215,215,215,215,215,215,215,215,215,215,215,215,215,215,215,215,215,215
215,215,215,215,215,215,215,215,215,215,215,215,215,215,215,215,215,215,215,215,215,215,215,215,215,215,215,215,215,215,215,215,215
215,215,215,215,215,215,215,215,215,215,215,215,215,215,215,215,215,215,215,215,215,215,215,215,215,215,215,215,215,215,215,215,215
215,215,215,215,215,215,215,215,215,215,215,215,215,215,215,215,215,215,215,215,215,215,215,215,215,215,215,215,215,215,215,215,215
215,215,215,215,215,215,215,215,215,215,215,215,215,215,215,215,215,215,215,215,215,215,215,215,215,215,215,215,215,215,215,215,215
215,215,215,215,215,215,215,215,215,215,215,215,215,215,215,215,215,215,215,215,215,215,215,215,215,215,215,215,215,215,215,215,215
215,215,215,215,215,215,215,215,215,215,215,215,215,215,215,215,215,215,215,215,215,215,215,215,215,215,215,215,215,215,215,215,215
215,215,215,215,215,215,215,215,215,215,215,215,215,215,215,215,215,215,215,215,215,215,215,215,215,215,215,215,215,215,215,215,215
215,215,215,215,215,215,215,215,215,215,215,215,215,215,215,215,215,215,215,215,215,215,215,215,215,215,215,215,215,215,215,215,215
215,215,215,215,215,215,215,215,215,215,215,215,215,215,215,215,215,215,215,215,215,215,215,215,215,215,215,215,215,215,215,215,215
215,215,215,215,215,215,215,215,215,215,215,215,215,215,215,215,215,215,215,215,215,215,215,215,215,215,215,215,215,215,215,215,215
215,215,215,215,215,215,215,215,215,215,215,215,215,215,215,215,215,215,215,215,215,215,215,215,215,215,215,215,215,215,215,215,215
215,215,215,215,215,215,215,215,215,215,215,215,215,215,215,215,215,215,215,215,215,215,215,215,215,215,215,215,215,215,215,215,215
215,215,215,215,215,215,215,215,215,215,215,215,215,215,215,215,215,215,215,215,215,215,215,215,215,215,215,215,215,215,215,215,215
215,215,215,215,215,215,215,215,215,215,215,215,215,215,215,215,215,215,215,215,215,215,215,215,215,215,215,215,215,215,215,215,215
215,215,215,215,215,215,215,215,215,215,215,215,215,215,215,215,215,215,215,215,215,215,215,215,215,215,215,215,215,215,215,215,215
215,215,215,215,215,215,215,215,215,215,215,215,215,215,215,215,215,215,215,215,215,215,215,215,215,215,215,215,215,215,215,215,215
215,215,215,215,215,215,215,215,215,215,215,215,215,215,215,215,215,215,215,215,215,215,215,215,215,215,215,215,215,215,215,215,215
215,215,215,215,215,215,215,215,215,215,215,215,215,215,215,215,215,215,215,215,215,215,215,215,215,215,215,215,215,215,215,215,215
215,215,215,215,215,215,215,215,215,215,215,215,215,215,215,215,215,215,215,215,215,215,215,215,215,215,215,215,215,215,215,215,215
215,215,215,215,215,215,215,215,215,215,215,215,215,215,215,215,215,215,215,215,215,215,215,215,215,215,215,215,215,215,215,215,215
215,215,215,215,215,215,215,215,215,215,215,215,215,215,215,215,215,215,215,215,215,215,215,215,215,215,215,215,215,215,215,215,215
215,215,215,215,215,215,215,215,215,215,215,215,215,215,215,215,215,215,215,215,215,215,215,215,215,215,215,215,215,215,215,215,215
215,215,215,215,215,215,215,215,215,215,215,215,215,215,215,215,215,215,215,215,215,215,215,215,215,215,215,215,215,215,215,215,215
215,215,215,215,215,215,215,215,215,215,215,215,215,215,215,215,215,215,215,215,215,215,215,215,215,215,215,215,215,215,215,215,215
215,215,215,215,215,215,215,215,215,215,215,215,215,215,215,215,215,215,215,215,215,215,215,215,215,215,215,215,215,215,215,215,215
215,215,215,215,215,215,215,215,215,215,215,215,215,215,215,215,215,215,215,215,215,215,215,215,215,215,215,215,215,215,215,215,215
215,215,215,215,215,215,215,215,215,215,215,215,215,215,215,215,215,215,215,215,215,215,215,215,215,215,215,215,215,215,215,215,215
215,215,215,215,215,215,215,215,215,215,215,215,215,215,215,215,215,215,215,215,215,215,215,215,215,215,215,215,215,215,215,215,215
215,215,215,215,215,215,215,215,215,215,215,215,215,215,215,215,215,215,215,215,215,215,215,215,215,215,215,215,215,215,215,215,215
215,215,215,215,215,215,215,215,215,215,215,215,215,215,215,215,215,215,215,215,215,215,215,215,215,215,215,215,215,215,215,215,215
215,215,215,215,215,215,215,215,215,215,215,215,215,215,215,215,215,215,215,215,215,215,215,215,215,215,215,215,215,215,215,215,215
215,215,215,215,215,215,215,215,215,215,215,215,215,215,215,215,215,215,215,215,215,215,215,215,215,215,215,215,215,215,215,215,215
215,215,215,215,215,215,215,215,215,215,215,215,215,215,215,215,215,215,215,215,215,215,215,215,215,215,215,215,215,215,215,215,215
215,215,215,215,215,215,215,215,215,215,215,215,215,215,215,215,215,215,215,215,215,215,215,215,215,215,215,215,215,215,215,215,215
215,215,215,215,215,215,215,215,215,215,215,215,215,215,215,215,215,215,215,215,215,215,215,215,215,215,215,215,215,215,215,215,215
215,215,215,215,215,215,215,215,215,215,215,215,215,215,215,215,215,215,215,215,215,215,215,215,215,215,215,215,215,215,215,215,215
215,215,215,215,215,215,215,215,215,215,215,215,215,215,215,215,215,215,215,215,215,215,215,215,215,215,215,215,215,215,215,215,215
215,215,215,215,215,215,215,215,215,215,215,215,215,215,215,215,215,215,215,215,215,215,215,215,215,215,215,215,215,215,215,215,215
215,215,215,215,215,215,215,215,215,215,215,215,215,215,215,215,215,215,215,215,215,215,215,215,215,215,215,215,215,215,215,215,215
215,215,215,215,215,215,215,215,215,215,215,215,215,215,215,215,215,215,215,215,215,215,215,215,215,215,215,215,215,215,215,215,215
215,215,215,215,215,215,215,215,215,215,215,215,215,215,215,215,215,215,215,215,215,215,215,215,215,215,215,215,215,215,215,215,215
215,215,215,215,215,215,215,215,215,215,215,215,215,215,215,215,215,215,215,215,215,215,215,215,215,215,215,215,215,215,215,215,215
215,215,215,215,215,215,215,215,215,215,215,215,215,215,215,215,215,215,215,215,215,215,215,215,215,215,215,215,215,215,215,215,215
215,215,215,215,215,215,215,215,215,215,215,215,215,215,215,215,215,215,215,215,215,215,215,215,215,215,215,215,215,215,215,215,215
215,215,215,215,215,215,215,215,215,215,215,215,215,215,215,215,215,215,215,215,215,215,215,215,215,215,215,215,215,215,215,215,215
215,215,215,215,215,215,215,215,215,215,215,215,215,215,215,215,215,215,215,215,215,215,215,215,215,215,215,215,215,215,215,215,215
215,215,215,215,215,215,215,215,215,215,215,215,215,215,215,215,215,215,215,215,215,215,215,215,215,215,215,215,215,215,215,215,215
215,215,215,215,215,215,215,215,215,215,215,215,215,215,215,215,215,215,215,215,215,215,215,215,215,215,215,215,215,215,215,215,215
215,215,215,215,215,215,215,215,215,215,215,215,215,215,215,215,215,215,215,215,215,215,215,215,215,215,215,215,215,215,215,215,215
215,215,215,215,215,215,215,215,215,215,215,215,215,215,215,215,215,215,215,215,215,215,215,215,215,215,215,215,215,215,215,215,215
215,215,215,215,215,215,215,215,215,215,215,215,215,215,215,215,215,215,215,215,215,215,215,215,215,215,215,215,215,215,215,215,215
215,215,215,215,215,215,215,215,215,215,215,215,215,215,215,215,215,215,215,215,215,215,215,215,215,215,215,215,215,215,215,215,215
215,215,215,215,215,215,215,215,215,215,215,215,215,215,215,215,215,215,215,215,215,215,215,215,215,215,215,215,215,215,215,215,215
215,215,215,215,215,215,215,215,215,215,215,215,215,215,215,215,215,215,215,215,215,215,215,215,215,215,215,215,215,215,215,215,215
215,215,215,215,215,215,215,215,215,215,215,215,215,215,215,215,215,215,215,215,215,215,215,215,215,215,215,215,215,215,215,215,215
215,215,215,215,215,215,215,215,215,215,215,215,215,215,215,215,215,215,215,215,215,215,215,215,215,215,215,215,215,215,215,215,215
215,215,215,215,215,215,215,215,215,215,215,215,215,215,215,215,215,215,215,215,215,215,215,215,215,215,215,215,215,215,215,215,215
215,215,215,215,215,215,215,215,215,215,215,215,215,215,215,215,215,215,215,215,215,215,215,215,215,215,215,215,215,215,215,215,215
215,215,215,215,215,215,215,215,215,215,215,215,215,215,215,215,215,215,215,215,215,215,215,215,215,215,215,215,215,215,215,215,215
215,215,215,215,215,215,215,215,215,215,215,215,215,215,215,215,215,215,215,215,215,215,215,215,215,215,215,215,215,215,215,215,215
215,215,215,215,215,215,215,215,215,215,215,215,215,215,215,215,215,215,215,215,215,215,215,215,215,215,215,215,215,215,215,215,215
215,215,215,215,215,215,215,215,215,215,215,215,215,215,215,215,215,215,215,215,215,215,215,215,215,215,215,215,215,215,215,215,215
215,215,215,215,215,215,215,215,215,215,215,215,215,215,215,215,215,215,215,215,215,215,215,215,215,215,215,215,215,215,215,215,215
215,215,215,215,215,215,215,215,215,215,215,215,215,215,215,215,215,215,215,215,215,215,215,215,215,215,215,215,215,215,215,215,215
215,215,215,215,215,215,215,215,215,215,215,215,215,215,215,215,215,215,215,215,215,215,215,215,215,215,215,215,215,215,215,215,215
215,215,215,215,215,215,215,215,215,215,215,215,215,215,215,215,215,215,215,215,215,215,215,215,215,215,215,215,215,215,215,215,215
215,215,215,215,215,215,215,215,215,215,215,215,215,215,215,215,215,215,215,215,215,215,215,215,215,215,215,215,215,215,215,215,215
215,215,215,215,215,215,215,215,215,215,215,215,215,215,215,215,215,215,215,215,215,215,215,215,215,215,215,215,215,215,215,215,215
215,215,215,215,215,215,215,215,215,215,215,215,215,215,215,215,215,215,215,215,215,215,215,215,215,215,215,215,215,215,215,215,215
215,215,215,215,215,215,215,215,215,215,215,215,215,215,215,215,215,215,215,215,215,215,215,215,215,215,215,215,215,215,215,215,215
215,215,215,215,215,215,215,215,215,215,215,215,215,215,215,215,215,215,215,215,215,215,215,215,215,215,215,215,215,215,215,215,215
215,215,215,215,215,215,215,215,215,215,215,215,215,215,215,215,215,215,215,215,215,215,215,215,215,215,215,215,215,215,215,215,215
215,215,215,215,215,215,215,215,215,215,215,215,215,215,215,215,215,215,215,215,215,215,215,215,215,215,215,215,215,215,215,215,215
215,215,215,215,215,215,215,215,215,215,215,215,215,215,215,215,215,215,215,215,215,215,215,215,215,215,215,215,215,215,215,215,215
215,215,215,215,215,215,215,215,215,215,215,215,215,215,215,215,215,215,215,215,215,215,215,215,215,215,215,215,215,215,215,215,215
215,215,215,215,215,215,215,215,215,215,215,215,215,215,215,215,215,215,215,215,215,215,215,215,215,215,215,215,215,215,215,215,215
215,215,215,215,215,215,215,215,215,215,215,215,215,215,215,215,215,215,215,215,215,215,215,215,215,215,215,215,215,215,215,215,215
215,215,215,215,215,215,215,215,215,215,215,215,215,215,215,215,215,215,215,215,215,215,215,215,215,215,215,215,215,215,215,215,215
215,215,215,215,215,215,215,215,215,215,215,215,215,215,215,215,215,215,215,215,215,215,215,215,215,215,215,215,215,215,215,215,215
215,215,215,215,215,215,215,215,215,215,215,215,215,215,215,215,215,215,215,215,215,215,215,215,215,215,215,215,215,215,215,215,215
215,215,215,215,215,215,215,215,215,215,215,215,215,215,215,215,215,215,215,215,215,215,215,215,215,215,215,215,215,215,215,215,215
215,215,215,215,215,215,215,215,215,215,215,215,215,215,215,215,215,215,215,215,215,215,215,215,215,215,215,215,215,215,215,215,215
215,215,215,215,215,215,215,215,215,215,215,215,215,215,215,215,215,215,215,215,215,215,215,215,215,215,215,215,215,215,215,215,215
215,215,215,215,215,215,215,215,215,215,215,215,215,215,215,215,215,215,215,215,215,215,215,215,215,215,215,215,215,215,215,215,215
215,215,215,215,215,215,215,215,215,215,215,215,215,215,215,215,215,215,215,215,215,215,215,215,215,215,215,215,215,215,215,215,215
215,215,215,215,215,215,215,215,215,215,215,215,215,215,215,215,215,215,215,215,215,215,215,215,215,215,215,215,215,215,215,215,215
215,215,215,215,215,215,215,215,215,215,215,215,215,215,215,215,215,215,215,215,215,215,215,215,215,215,215,215,215,215,215,215,215
215,215,215,215,215,215,215,215,215,215,215,215,215,215,215,215,215,215,215,215,215,215,215,215,215,215,215,215,215,215,215,215,215
215,215,215,215,215,215,215,215,215,215,215,215,215,215,215,215,215,215,215,215,215,215,215,215,215,215,215,215,215,215,215,215,215
215,215,215,215,215,215,215,215,215,215,215,215,215,215,215,215,215,215,215,215,215,215,215,215,215,215,215,215,215,215,215,215,215
215,215,215,215,215,215,215,215,215,215,215,215,215,215,215,215,215,215,215,215,215,215,215,215,215,215,215,215,215,215,215,215,215
215,215,215,215,215,215,215,215,215,215,215,215,215,215,215,215,215,215,215,215,215,215,215,215,215,215,215,215,215,215,215,215,215
215,215,215,215,215,215,215,215,215,215,215,215,215,215,215,215,215,215,215,215,215,215,215,215,215,215,215,215,215,215,215,215,215
215,215,215,215,215,215,215,215,215,215,215,215,215,215,215,215,215,215,215,215,215,215,215,215,215,215,215,215,215,215,215,215,215
215,215,215,215,215,215,215,215,215,215,215,215,215,215,215,215,215,215,215,215,215,215,215,215,215,215,215,215,215,215,215,215,215
215,215,215,215,215,215,215,215,215,215,215,215,215,215,215,215,215,215,215,215,215,215,215,215,215,215,215,215,215,215,215,215,215
215,215,215,215,215,215,215,215,215,215,215,215,215,215,215,215,215,215,215,215,215,215,215,215,215,215,215,215,215,215,215,215,215
215,215,215,215,215,215,215,215,215,215,215,215,215,215,215,215,215,215,215,215,215,215,215,215,215,215,215,215,215,215,215,215,215
215,215,215,215,215,215,215,215,215,215,215,215,215,215,215,215,215,215,215,215,215,215,215,215,215,215,215,215,215,215,215,215,215
215,215,215,215,215,215,215,215,215,215,215,215,215,215,215,215,215,215,215,215,215,215,215,215,215,215,215,215,215,215,215,215,215
215,215,215,215,215,215,215,215,215,215,215,215,215,215,215,215,215,215,215,215,215,215,215,215,215,215,215,215,215,215,215,215,215
215,215,215,215,215,215,215,215,215,215,215,215,215,215,215,215,215,215,215,215,215,215,215,215,215,215,215,215,215,215,215,215,215
215,215,215,215,215,215,215,215,215,215,215,215,215,215,215,215,215,215,215,215,215,215,215,215,215,215,215,215,215,215,215,215,215
215,215,215,215,215,215,215,215,215,215,215,215,215,215,215,215,215,215,215,215,215,215,215,215,215,215,215,215,215,215,215,215,215
215,215,215,215,215,215,215,215,215,215,215,215,215,215,215,215,215,215,215,215,215,215,215,215,215,215,215,215,215,215,215,215,215
215,215,215,215,215,215,215,215,215,215,215,215,215,215,215,215,215,215,215,215,215,215,215,215,215,215,215,215,215,215,215,215,215
215,215,215,215,215,215,215,215,215,215,215,215,215,215,215,215,215,215,215,215,215,215,215,215,215,215,215,215,215,215,215,215,215
215,215,215,215,215,215,215,215,215,215,215,215,215,215,215,215,215,215,215,215,215,215,215,215,215,215,215,215,215,215,215,215,215
215,215,215,215,215,215,215,215,215,215,215,215,215,215,215,215,215,215,215,215,215,215,215,215,215,215,215,215,215,215,215,215,215
215,215,215,215,215,215,215,215,215,215,215,215,215,215,215,215,215,215,215,215,215,215,215,215,215,215,215,215,215,215,215,215,215
215,215,215,215,215,215,215,215,215,215,215,215,215,215,215,215,215,215,215,215,215,215,215,215,215,215,215,215,215,215,215,215,215
215,215,215,215,215,215,215,215,215,215,215,215,215,215,215,215,215,215,215,215,215,215,215,215,215,215,215,215,215,215,215,215,215
215,215,215,215,215,215,215,215,215,215,215,215,215,215,215,215,215,215,215,215,215,215,215,215,215,215,215,215,215,215,215,215,215
215,215,215,215,215,215,215,215,215,215,215,215,215,215,215,215,215,215,215,215,215,215,215,215,215,215,215,215,215,215,215,215,215
215,215,215,215,215,215,215,215,215,215,215,215,215,215,215,215,215,215,215,215,215,215,215,215,215,215,215,215,215,215,215,215,215
215,215,215,215,215,215,215,215,215,215,215,215,215,215,215,215,215,215,215,215,215,215,215,215,215,215,215,215,215,215,215,215,215
215,215,215,215,215,215,215,215,215,215,215,215,215,215,215,215,215,215,215,215,215,215,215,215,215,215,215,215,215,215,215,215,215
215,215,215,215,215,215,215,215,215,215,215,215,215,215,215,215,215,215,215,215,215,215,215,215,215,215,215,215,215,215,215,215,215
215,215,215,215,215,215,215,215,215,215,215,215,215,215,215,215,215,215,215,215,215,215,215,215,215,215,215,215,215,215,215,215,215
215,215,215,215,215,215,215,215,215,215,215,215,215,215,215,215,215,215,215,215,215,215,215,215,215,215,215,215,215,215,215,215,215
